stop_id,tract
100060,4286
100070,4286
100110,4273
100170,4273
100220,4273
100230,4273
100250,4273
100270,4283.02
100280,4283.02
100290,4283.02
100300,4283.02
100310,4283.02
100320,4283.02
100330,4283.02
100340,4060
100350,4271
100460,4281
100470,4271
100560,4272
100570,4272
100710,4273
100730,4273
100760,4272
100770,4272
100780,4272
100800,4277
100860,4278
100870,4278
100900,4286
100910,4278
100930,4278
100940,4286
100960,4286
100970,4273
101010,4284
101020,4286
101050,4285
101060,4279
101070,4281
101080,4286
101090,4279
101100,4282
101110,4282
101120,4282
101130,4281
101140,4282
101150,4279
101170,4282
101190,4284
101240,4271
101250,4271
101260,4271
101270,4271
101280,4282
101290,4271
101300,4271
101370,4286
101380,4285
101390,4286
101480,4283.01
101530,4286
101550,4282
101560,4281
101570,4281
101580,4271
101590,4271
101620,4282
101630,4282
101640,4282
101650,4282
101660,4281
101670,4281
101680,4281
101690,4281
101720,4283.02
101730,4283.01
101750,4283.01
101770,4276
101780,4276
101790,4276
101800,4277
101820,4276
101830,4276
101920,4283.01
101940,4283.01
101960,4273
101970,4273
101980,4273
101990,4273
102000,4273
102010,4273
102030,4273
102040,4273
102050,4287
102070,4277
102080,4283.02
102100,4283.02
102110,4283.02
102160,4283.01
102180,4283.01
102190,4283.02
102200,4283.01
102230,4283.01
102240,4283.01
102250,4283.02
102260,4283.02
102290,4287
102370,4284
102380,4286
102390,4282
102410,4282
102420,4286
102430,4286
102440,4282
102450,4286
102460,4286
102480,4282
102490,4282
102500,4284
102530,4284
102560,4286
102570,4286
102580,4284
102590,4284
102630,4276
102640,4276
102680,4271
102690,4271
102730,4271
102770,4282
102810,4284
102820,4284
102830,4284
102840,4284
102890,4283.02
102900,4283.02
102910,4283.02
102920,4283.02
102930,4283.02
102940,4283.02
102950,4283.02
102960,4283.02
103140,4278
103150,4278
103160,4278
103170,4278
103180,4278
103190,4278
103200,4281
103220,4278
103230,4280
103270,4279
103280,4279
103330,4280
103340,4281
103350,4280
103360,4279
103370,4279
103380,4280
103420,4278
103430,4280
103450,4285
103470,4285
103480,4285
103490,4285
103500,4285
103590,4284
103600,4284
103630,4284
103750,4287
103790,4273
103800,4276
103830,4273
103860,4278
103900,4284
103910,4284
103950,4284
103960,4284
104010,4284
104110,4282
104120,4281
104170,4271
104210,4280
104220,4281
104230,4282
104240,4284
104270,4278
104280,4278
104300,4283.01
104310,4278
104330,4272
104370,4272
104380,4284
104390,4284
104400,4281
104450,4283.01
104460,4271
104470,4283.01
104480,4283.01
104510,4277
104530,4277
104560,4276
104570,4277
104590,4276
104600,4273
104700,4283.02
104730,4287
104740,4287
104760,4287
104780,4287
104790,4287
104800,4273
104810,4287
200010,4203
200040,4204
200050,4204
200060,4203
200080,4203
200120,4204
200130,4220
200190,4204
200200,4204
200220,4203
200250,4203
200260,4203
200270,4203
200280,4203
200350,4203
200360,4203
200370,4205
200380,4203
200390,4203
200400,4205
200410,4204
200420,4205
200430,4205
200450,4205
200590,4202
200600,4202
200610,4206
200620,4205
200630,4206
200640,4202
200650,4206
200670,4201
200680,4206
200700,4206
200710,4206
200720,4206
200730,4205
200740,4202
200750,4203
200760,4204
200770,4204
200780,4204
300030,4232
300040,4232
300070,4221
300080,4221
300090,4232
300100,4232
300110,4221
300120,4220
300130,4220
300140,4221
300150,4221
300160,4221
300170,4221
300180,4220
300190,4221
300200,4221
300210,4220
300220,4220
300260,4220
300270,4220
300290,4220
300300,4220
300310,4220
300315,4229
300320,4239.01
300330,4239.01
300340,4235
300350,4239.01
300360,4239.01
300370,4239.01
300380,4240.01
300390,4235
300400,4235
300410,4235
300420,4235
300430,4235
300440,4240.01
300450,4240.01
300460,4240.01
300470,4240.01
300480,4239.01
300490,4239.01
300520,4240.01
300530,4240.01
300540,4240.01
300550,4240.01
300560,4212
300570,4212
300580,4212
300590,4212
300600,4212
300610,4212
300620,4212
300630,4212
300640,4212
300650,4212
300660,4212
300670,4212
300680,4212
300690,4212
300710,4220
300720,4233
300730,4233
300740,4235
300750,4239.01
300760,4234
300770,4240.01
300780,4237
300790,4238
300800,4239.02
300810,4238
300820,4237
300830,4239.02
300840,4236.01
300850,4237
300860,4234
300870,4236.01
300880,4239.02
300890,4234
300900,4240.02
300910,4233
300920,4235
300930,4239.01
300940,4238
300950,4238
300960,4237
300970,4238
300980,4239.02
300990,4240.02
301000,4234
301010,4233
301020,4240.02
301030,4235
301040,4235
301050,4236.01
301060,4239.02
301070,4235
301080,4235
301090,4226
301100,4216
301120,4226
301130,4226
301150,4226
301160,4228
301170,4226
301180,4226
301190,4226
301200,4237
301220,4216
301230,4216
301240,4216
301250,4216
301260,4219
301270,4219
301320,4219
301340,4222
301350,4222
301460,4223
301480,4219
301530,4229
301540,4229
301550,4215
301560,4237
301570,4237
301580,4238
301590,4238
301600,4238
301610,4238
301620,4238
301630,4238
301640,4237
301660,4238
301670,4238
301690,4236.02
301700,4237
301730,4227
301740,4237
301760,4237
301770,4237
301780,4236.01
301790,4238
301800,4238
301810,4238
301820,4238
301840,4213
301850,4213
301860,4213
301870,4213
301880,4213
301890,4213
301900,4212
301910,4213
301930,4228
301950,4237
301960,4237
301980,4228
301990,4228
302050,4220
302060,4232
302070,4232
302080,4231
302090,4230
302100,4230
302110,4231
302120,4230
302130,4234
302140,4231
302150,4230
302160,4234
302170,4233
302180,4234
302190,4234
302200,4235
302210,4230
302220,4234
302230,4232
302240,4233
302250,4231
302260,4233
302270,4215
302280,4215
302290,4211
302300,4211
302310,4216
302320,4215
302330,4215
302340,4215
302350,4216
302360,4216
302370,4225
302380,4215
302390,4215
302400,4215
302410,4215
302420,4215
302430,4215
302440,4216
302450,4211
302460,4211
302470,4216
302480,4226
302490,4225
302500,4225
302510,4211
302520,4215
302530,4211
302540,4211
302550,4215
302560,4215
302570,4225
302580,4211
302590,4211
302600,4215
302610,4216
302620,4225
302630,4216
302670,4226
302680,4220
302700,4220
302710,4220
302720,4219
302730,4219
302740,4219
302750,4219
302760,4219
302770,4219
302780,4220
302790,4219
302800,4219
302820,4216
302830,4216
302840,4216
302850,4216
302860,4211
302870,4215
302880,4215
302890,4211
302900,4215
302910,4215
302920,4216
302930,4216
302940,4211
302950,4211
302960,4215
302970,4215
302980,4215
302990,4215
303000,4216
303010,4216
303020,4215
303030,4215
303040,4215
303050,4211
303060,4229
303070,4229
303100,4226
303120,4226
303140,4226
303170,4224
303190,4217
303200,4217
303220,4219
303230,4213
303240,4213
303250,4218
303260,4218
303270,4218
303280,4213
303290,4219
303320,4214
303390,4212
303400,4212
303410,4214
303420,4214
303440,4230
303460,4234
303470,4235
303480,4230
303490,4230
303500,4217
303510,4218
303520,4217
303530,4223
303540,4230
303550,4230
303560,4235
303570,4235
303580,4229
303590,4234
303600,4223
303610,4224
303620,4234
303630,4234
303640,4240.01
303650,4240.01
303660,4218
303670,4217
303680,4235
303690,4234
303700,4234
303710,4234
303720,4229
303730,4217
303740,4217
303750,4224
303780,4213
303790,4213
303800,4213
303810,4213
303820,4213
303830,4213
303840,4214
303860,4222
303890,4224
303900,4224
303910,4226
303920,4217
303930,4217
303940,4226
303950,4217
303960,4217
303970,4224
303980,4224
303990,4226
304010,4227
304020,4227
304030,4227
304040,4237
304050,4001
304060,4237
304070,4240.01
304080,4240.01
304090,4230
304100,4230
304110,4233
304120,4233
304130,4230
304140,4230
304150,4233
304160,4233
304170,4218
304180,4223
304190,4231
304200,4230
304210,4230
304220,4230
304230,4230
304240,4240.01
304250,4240.02
304260,4223
304270,4218
304280,4233
304290,4233
304300,4240.02
304310,4240.02
304320,4219
304330,4218
304350,4231
304360,4222
304370,4223
304380,4233
304390,4234
304400,4231
304410,4232
304420,4240.02
304430,4240.02
304440,4232
304450,4232
304460,4221
304470,4222
304480,4231
304490,4231
304500,4221
304510,4222
304540,4219
304550,4219
304560,4233
304570,4220
304580,4219
304590,4220
304600,4240.02
304610,4233
304620,4233
304630,4219
304640,4221
304650,4233
304660,4220
304670,4231
304730,4220
304740,4216
304750,4215
304760,4215
304770,4216
304780,4229
304790,4229
304800,4239.01
304810,4239.01
304820,4217
304830,4217
304840,4229
304850,4224
304860,4224
304870,4235
304880,4235
304890,4229
304900,4229
304910,4235
304920,4235
304950,4229
304960,4229
304970,4229
304980,4235
304990,4235
305040,4224
305050,4224
305060,4217
305070,4217
305080,4224
305090,4224
305100,4239.01
305110,4239.01
305120,4217
305130,4217
305140,4213
305150,4213
305160,4213
305170,4213
305180,4213
305190,4213
305200,4212
305210,4213
305220,4212
305230,4211
305240,4215
305250,4217
305260,4216
305270,4217
305280,4211
305290,4211
305300,4215
305310,4215
305320,4211
305330,4215
305340,4212
305350,4216
305360,4217
305370,4215
305380,4215
305390,4215
305400,4214
305410,4211
305420,4214
305430,4214
305450,4214
305460,4239.02
305470,4236.01
305480,4236.01
305490,4236.02
305510,4236.02
305520,4236.02
305530,4228
305540,4236.02
305550,4236.02
305560,4239.02
305580,4236.01
305590,4236.01
305600,4236.01
305610,4236.01
305620,4239.02
305630,4239.02
305640,4214
305650,4214
305660,4214
305670,4213
305680,4212
305690,4238
305700,4238
305710,4238
305720,4238
305730,4238
305750,4226
305760,4220
305770,4220
305780,4220
305790,4221
305800,4221
305810,4221
305820,4221
305840,4222
305850,4220
305860,4220
305880,4222
305930,4230
305940,4223
305950,4220
305960,4220
305980,4224
305990,4229
306040,4223
306050,4230
306060,4232
306080,4229
306090,4220
306100,4220
306120,4237
306130,4237
306140,4237
306150,4237
306250,3920
306260,4212
306270,4212
306280,4212
306290,4231
306300,4222
306310,4231
306320,4220
306330,4231
306410,4222
306420,4229
306440,4232
306450,4220
306460,4229
306480,4222
306500,4220
306510,4001
306520,4001
306530,4226
306550,4226
306560,4224
306650,4224
306660,4220
306670,4229
306720,4222
306740,4222
400100,4308
400110,4302
400170,4307
400180,4307
400190,4312
500010,3851
500020,3851
500030,3852
500040,3840
500050,3840
500060,3840
500070,3851
500080,3851
500100,3851
500110,3851
500120,3840
500130,3840
500140,3840
500150,3851
500160,3851
500170,3851
500180,3910
500210,3851
500220,3851
500230,3852
500240,3852
500250,3851
500260,3851
500300,3902
500310,3891
500320,3880
500330,3902
500350,3880
500360,3830
500370,3840
500380,3840
500390,3840
500400,3840
500410,3840
500420,3840
500430,3840
500440,3840
500450,3840
500460,3840
500470,3840
500480,3840
500490,3840
500500,3840
500510,3892
500520,3830
500530,3892
500540,3891
500550,3891
500560,3892
500570,3902
500580,3902
500600,3902
500610,3840
500620,3860
500630,3852
500650,3852
500660,3860
500670,3860
500680,3860
500690,3852
500730,3860
500740,3860
500750,3860
500760,3860
500770,3860
500800,3860
500810,3860
500820,3860
500830,3860
500850,3891
500860,3891
500870,3891
500880,3891
500890,3891
500900,3891
500910,3852
500920,3891
500930,3891
500940,3891
500950,3891
500960,3902
500980,3891
500990,3892
501000,3891
501010,3891
501080,3860
501120,3901
501160,3851
501170,3860
501180,3870
501190,3870
501210,3860
501220,3860
501280,3891
501300,3870
501330,3830
501360,3860
501420,3892
501430,3892
501435,3892
501440,3860
501450,3860
501460,3860
501470,3830
501490,3892
501500,3860
501510,3860
501520,3860
501530,3891
501550,3870
501560,3870
501570,3860
501580,3860
501590,3870
501610,3860
501620,3860
501630,3870
501640,3870
501650,3870
501660,3870
501670,3870
501910,3851
501920,3830
501970,3870
501980,3892
501990,3880
502000,3901
600010,4251.04
600030,4251.04
600040,4251.04
600050,4251.04
600060,4251.04
600190,4251.02
600200,4251.03
600250,4251.02
600260,4251.02
600270,4251.03
600280,4251.02
600290,4251.02
600300,4251.02
600330,4251.04
600340,4251.04
600350,4251.03
600360,4251.04
600380,4251.03
600390,4251.03
600400,4251.03
600410,4251.04
600420,4251.04
600440,4251.03
600690,4251.04
600700,4251.04
600730,4251.04
600740,4251.04
600750,4251.04
600760,4251.04
600810,4251.04
600820,4251.03
600840,4251.03
600870,4251.03
600890,4251.02
600920,4251.04
600940,4251.02
600950,4251.03
600970,4251.04
600980,4251.04
600990,4251.04
601000,4251.04
601020,4251.04
601040,4251.04
601050,4251.04
601060,4251.02
601140,4251.02
601150,4251.04
601160,4251.02
601170,4251.03
609999,4017
699999,4251.02
700010,4415.03
700040,4415.21
700050,4415.21
700060,4415.22
700070,4415.22
700080,4415.22
700090,4415.22
700100,4415.24
700110,4415.03
700120,4415.03
700130,4415.03
700140,4415.03
700200,4430.02
700210,4415.03
700230,4415.03
700240,4422
700260,4415.03
700270,4415.03
700320,4415.03
700350,4415.03
700560,4423.01
700570,4423.01
700840,4431.04
700850,4431.04
701200,4423.01
701210,4423.01
701220,4423.01
701260,4415.03
701270,4419.24
701280,4419.23
701300,4419.24
701310,4419.25
701320,4419.25
701330,4419.25
701340,4419.24
701360,4415.03
701370,4416.01
701380,4416.01
701390,4413.02
701400,4414.01
701410,4416.01
701420,4414.01
701430,4421
701480,4421
701485,4422
701600,4431.05
701820,4419.24
701830,4419.24
701840,4419.24
701850,4419.24
701860,4419.24
701870,4419.24
701880,4419.24
701900,4419.24
701910,4419.24
701920,4419.24
701930,4419.24
701980,4419.23
702040,4423.01
702050,4423.01
702060,4413.02
702070,4416.02
702100,4419.23
702110,4419.23
702120,4419.26
702140,4423.01
702150,4417
702160,4423.01
702170,4426.02
702180,4426.02
702190,4423.02
702220,4418
702230,4430.02
702240,4430.01
702250,4415.03
702260,4414.01
702270,4416.01
702280,4414.01
702290,4430.01
702300,4430.02
702310,4430.01
702320,4430.02
702330,4426.02
702340,4418
702350,4414.02
702360,4414.01
702370,4414.01
702380,4414.01
702400,4416.02
702410,4413.02
702420,4423.02
702430,4423.01
702440,4415.03
702450,4415.03
702460,4415.03
702490,4426.01
702500,4430.01
702520,4419.21
702530,4430.01
702540,4419.23
702550,4419.23
702560,4416.02
702570,4413.02
702580,4426.02
702590,4418
702610,4423.02
702620,4418
702630,4414.02
702640,4414.01
702650,4417
702660,4417
702700,4423.01
702710,4419.27
702720,4424
702730,4419.27
702740,4419.27
702750,4416.01
702760,4413.02
702770,4416.02
702780,4413.02
702800,4423.01
702810,4423.01
702820,4419.25
702830,4419.25
702840,4419.25
702860,4430.02
702870,4429
702880,4430.02
702890,4423.01
702900,4424
702910,4423.02
702920,4424
702930,4430.02
702940,4423.02
702950,4423.02
702960,4424
702970,4423.02
702980,4423.02
702990,4429
703000,4430.02
703010,4429
703020,4430.02
703030,4429
703130,4415.03
703180,4415.03
703250,4415.03
703270,4415.03
703280,4415.03
703300,4411
703310,4431.03
703320,4431.04
703330,4431.04
703340,4420
703350,4419.25
703360,4420
703370,4422
703380,4431.04
703390,4431.03
703400,4421
703410,4420
703420,4422
703440,4420
703450,4431.05
703470,4431.03
703480,4431.04
703490,4421
703500,4421
703520,4420
703530,4431.04
703550,4433.21
703560,4412
703570,4412
703580,4421
703590,4419.24
703600,4422
703610,4420
703620,4432
703630,4431.02
703640,4431.03
703660,4431.04
703670,4420
703680,4419.25
703690,4420
703700,4422
703710,4431.04
703720,4431.03
703730,4419.23
703740,4426.01
703750,4425
703760,4419.23
703770,4419.24
703780,4446.02
703790,4419.23
703800,4425
703810,4418
703820,4419.24
703830,4419.24
703840,4419.24
703850,4428
703860,4428
703870,4419.23
703880,4419.23
703890,4419.23
703900,4419.24
703910,4419.24
703920,4419.23
703930,4419.23
703940,4419.24
703950,4419.24
703960,4418
703970,4419.23
703980,4419.23
703990,4419.23
704000,4415.24
704030,4412
704040,4412
704050,4412
704060,4412
704070,4412
704080,4412
704090,4412
704100,4412
704110,4412
704120,4412
704130,4412
704140,4412
704150,4412
704170,4412
704190,4412
704200,4412
704210,4412
704220,4415.03
704230,4415.03
704240,4415.03
704250,4415.03
704280,4431.03
704290,4431.03
704300,4415.03
704310,4415.03
704320,4422
704330,4422
704340,4422
704350,4422
704360,4415.03
704370,4415.03
704380,4422
704390,4415.03
704400,4415.03
704430,4414.01
704440,4414.01
704450,4414.01
704470,4422
704490,4414.01
704520,4419.23
704530,4418
704550,4422
704560,4431.02
704570,4414.01
704575,4414.01
704580,4415.21
704590,4415.21
704600,4422
704620,4418
704630,4418
704640,4414.01
704645,4414.01
704700,4431.02
704750,4431.02
704760,4414.02
704780,4414.02
704790,4431.02
704800,4431.02
704810,4419.25
704820,4419.21
704830,4419.23
704840,4419.23
704850,4431.05
704860,4422
704870,4431.02
704880,4431.02
704890,4431.02
704900,4431.02
704910,4418
704920,4418
704930,4431.05
704960,4431.05
704980,4419.21
705000,4431.02
705010,4431.02
705020,4419.21
705030,4419.25
705040,4419.25
705050,4413.01
705060,4413.01
705070,4431.02
705080,4431.02
705090,4415.21
705100,4415.21
705110,4431.02
705130,4414.01
705180,4415.03
705190,4415.03
705200,4431.05
705220,4419.27
705230,4419.27
705240,4414.02
705245,4414.02
705250,4431.04
705270,4414.02
705450,4415.03
705460,4415.03
705470,4415.03
705480,4415.03
705490,4431.02
705500,4431.02
705510,4431.02
705520,4431.02
705530,4431.02
705540,4431.02
705550,4415.03
705570,4425
705580,4425
705600,4428
705610,4424
705620,4415.03
705630,4446.02
705650,4425
705670,4428
705680,4419.26
705690,4419.26
705700,4419.25
705730,4419.25
705750,4419.25
705760,4419.27
705770,4419.27
705780,4419.21
705790,4429
705800,4419.25
705810,4419.21
705840,4424
706050,4416.02
706060,4416.02
706070,4416.02
706080,4417
706090,4417
706100,4417
706110,4416.02
706120,4413.02
706130,4413.02
706140,4417
706150,4417
706160,4419.23
706170,4419.27
706180,4419.24
706190,4419.25
706200,4419.25
706210,4419.25
706220,4419.24
706230,4419.25
706240,4419.27
706250,4419.23
706260,4419.25
706270,4419.24
706280,4419.23
706290,4419.25
706310,4415.03
706320,4433.01
706350,4415.03
706360,4415.03
706370,4415.03
706380,4433.22
706390,4433.21
706400,4415.03
706410,4433.22
706420,4415.03
706430,4433.01
706440,4433.21
706450,4415.03
706460,4415.03
706480,4415.03
706490,4433.01
706500,4415.03
706510,4433.01
706520,4415.03
706530,4422
706540,4422
706550,4431.04
706560,4431.05
706570,4431.04
706580,4423.02
706590,4423.02
706600,4431.04
706610,4431.04
706620,4431.04
706630,4431.04
706640,4431.05
706650,4422
706670,4422
706680,4422
706690,4431.04
706700,4431.04
706710,4431.04
706720,4431.04
706750,4417
706760,4419.27
706780,4446.01
706790,4419.25
706810,4415.03
706820,4415.03
706830,4415.03
706840,4411
706850,4412
706870,4415.03
706930,4412
706960,4415.03
706970,4419.23
706980,4411
707200,4415.03
707230,4415.03
707240,4415.03
707250,4412
707260,4425
707270,4425
707280,4414.01
707290,4413.02
707300,4415.03
707310,4422
707330,4422
707340,4411
707350,4415.24
707520,4415.03
707530,4415.03
707550,4415.03
707590,4415.03
707600,4415.03
707610,4415.03
707630,4415.03
709999,4431.03
800010,4364.01
800020,4364.01
800030,4364.01
800040,4364.01
800050,4364.01
800060,4354
800070,4364.01
800080,4354
800090,4354
800100,4364.01
800110,4364.01
800120,4364.01
800130,4364.01
800140,4364.01
800160,4363
800180,4363
800190,4363
800200,4363
800210,4363
800220,4367
800230,4367
800240,4363
800250,4367
800260,4368
800270,4368
800280,4368
800290,4368
800300,4368
800310,4368
800320,4368
800330,4368
800340,4371.01
800350,4371.01
800420,4354
800430,4354
800440,4354
800450,4353
800460,4354
800470,4353
800480,4353
800490,4353
800500,4353
800510,4353
800520,4353
800530,4354
800540,4353
800550,4353
800560,4353
800570,4354
800580,4354
800590,4353
800600,4353
800680,4354
800690,4354
800700,4354
800710,4371.01
800720,4371.01
800730,4371.01
800740,4371.01
800750,4371.01
800760,4371.01
800770,4371.01
800780,4371.01
800790,4371.01
800800,4371.01
800810,4371.01
800970,4351.02
800980,4351.02
800990,4364.02
801000,4364.02
801030,4312
801040,4312
801050,4312
801060,4312
801070,4371.01
801080,4371.01
801090,4371.01
801100,4371.01
801110,4371.01
801120,4371.01
801130,4371.01
801140,4371.01
801150,4371.01
801160,4371.01
801170,4371.01
801180,4371.01
801190,4371.01
801200,4371.01
801210,4372
801220,4372
801230,4371.01
801240,4371.01
801250,4371.01
801260,4371.01
801270,4371.01
801280,4371.01
801300,4364.01
801310,4353
801320,4354
801330,4364.01
801340,4364.01
801350,4353
801360,4353
801370,4364.01
801380,4353
801390,4354
801400,4363
801410,4364.01
801420,4363
801430,4363
801440,4364.01
801450,4354
801460,4371.01
801470,4371.01
801480,4371.01
801490,4371.01
801500,4371.01
801510,4371.01
801520,4371.01
801610,4351.03
801620,4351.03
801630,4351.02
801640,4403.33
801650,4354
801660,4371.01
801670,4371.01
801680,4371.01
801690,4374
801700,4374
801710,4374
801720,4374
801730,4374
801740,4374
801750,4382.03
801760,4382.03
801770,4382.01
801780,4382.01
801790,4382.01
801800,4382.01
801820,4354
801830,4354
801840,4354
801850,4312
801860,4312
801870,4312
801880,4375
801890,4375
801900,4375
801910,4376
801920,4376
801930,4376
801940,4376
801950,4363
801960,4363
801990,4351.02
802000,4377.01
802010,4377.01
802020,4354
802030,4354
802040,4354
802050,4354
802060,4354
802080,4354
802090,4354
802110,4354
802120,4354
802130,4363
802140,4354
802150,4354
802160,4354
802170,4354
802180,4351.02
802190,4351.02
802200,4351.02
802210,4351.02
802220,4351.02
802230,4351.02
802240,4351.02
802250,4371.01
802260,4371.01
802280,4371.02
802290,4384
802300,4370
802310,4372
802320,4371.01
802340,4369
802350,4372
802360,4372
802370,4371.02
802380,4383
802390,4383
802400,4371.01
802410,4373
802420,4371.02
802430,4370
802440,4371.01
802450,4369
802455,4384
802470,4370
802480,4369
802490,4371.01
802500,4371.02
802520,4371.01
802540,4370
802560,4382.03
802570,4382.04
802580,4382.03
802590,4382.03
802600,4382.04
802610,4382.04
802620,4377.01
802630,4382.03
802650,4382.04
802660,4382.04
802670,4382.03
802680,4382.03
802700,4382.03
802710,4382.03
802720,4382.03
802730,4382.03
802740,4382.03
802750,4382.03
802770,4371.01
802780,4371.01
802790,4371.01
802800,4371.01
802810,4371.01
802820,4371.01
802830,4371.01
802840,4371.01
802850,4384
802860,4384
802870,4384
802880,4382.04
802890,4382.03
802910,4382.03
802920,4382.03
802930,4371.01
802940,4371.01
802950,4371.01
802960,4371.01
803030,4371.01
803040,4371.01
803050,4371.01
803060,4371.01
803070,4371.01
803080,4371.01
803090,4371.01
803100,4371.01
803110,4377.01
803120,4377.02
803130,4377.02
803140,4377.01
803150,4377.02
803160,4363
803280,4379
803290,4351.04
803300,4381
803310,4380
803330,4365
803350,4380
803360,4381
803380,4351.04
803400,4380
803410,4380
803420,4381
803440,4380
803450,4354
803460,4354
803470,4381
803490,4379
803500,4365
803520,4364.01
803530,4365
803540,4379
803560,4365
803580,4379
803590,4351.04
803600,4355
803610,4355
803620,4365
803630,4379
803640,4379
803670,4351.04
803680,4351.04
803700,4371.01
803810,4376
803820,4376
803840,4376
803940,4382.03
803950,4382.03
803960,4382.03
803970,4382.03
803980,4382.03
804000,4382.04
804010,4382.03
804020,4371.01
804030,4371.01
804040,4371.01
804050,4371.01
804060,4371.01
804200,4367
804210,4367
804220,4367
804230,4367
804240,4367
804250,4367
804290,4375
804300,4376
804310,4375
804320,4377.02
804330,4366.01
804340,4366.01
804350,4366.01
804360,4351.03
804370,4351.03
804380,4351.03
804390,4351.03
804550,4351.04
804560,4351.04
804570,4351.04
804580,4351.04
804590,4351.04
804600,4351.04
804630,4370
804640,4370
804660,4370
804680,4351.02
804690,4351.02
804700,4382.03
804710,4382.03
804720,4382.03
804730,4366.01
804760,4382.01
804770,4382.01
804780,4376
804790,4378
804800,4382.04
804810,4378
804880,4374
804890,4375
804900,4374
804910,4376
804920,4384
804930,4369
804940,4369
804950,4369
804970,4371.02
804980,4371.02
804990,4377.01
805000,4382.03
805010,4383
805020,4373
805030,4382.01
805040,4376
805050,4383
805060,4371.02
805070,4377.01
805080,4382.04
805090,4382.01
805100,4382.01
805110,4371.01
805120,4371.01
805130,4377.01
805140,4382.03
805150,4367
805160,4371.01
805170,4371.01
805180,4371.01
805190,4363
805200,4368
805210,4363
805220,4372
805230,4368
805250,4367
805260,4369
805270,4369
805280,4351.02
805300,4351.02
805310,4403.01
805320,4382.03
805330,4382.03
805340,4382.03
805380,4366.01
805390,4366.01
805410,4366.01
805420,4366.01
805470,4366.01
805480,4366.01
805520,4366.01
805600,4364.01
805610,4364.01
805620,4364.01
805630,4364.02
805640,4364.02
805650,4364.01
805720,4354
805730,4369
805780,4371.02
805820,4356.01
805830,4363
805860,4381
805890,4366.01
805900,4371.02
805930,4371.01
805950,4351.02
805960,4375
805970,4371.01
805980,4372
805990,4372
806000,4370
806030,4351.03
806100,4372
806110,4351.03
809999,6080.04
900010,4445
900020,4445
900030,4446.02
900040,4446.02
900050,4446.01
900060,4446.01
900070,4446.01
900080,4446.01
900090,4441
900100,4441
900110,4445
900120,4441
900130,4441
900140,4441
900160,4445
900170,4446.02
900180,4446.02
900190,4441
900200,4441
900210,4446.01
900220,4446.01
900230,4446.02
900240,4446.01
900250,4446.01
900260,4441
900270,4446.02
900280,4446.02
900290,4441
900300,4441
900310,4446.01
900320,4446.02
900330,4446.02
900350,4446.01
900360,4446.01
900370,4446.02
900380,4446.02
900390,4444
900400,4441
900450,4445
900460,4446.01
900470,4445
900480,4445
900510,4445
900540,4443.02
900550,4443.02
900560,4446.01
900570,4445
900610,4446.01
900620,4446.01
900630,4446.01
900660,4446.01
900670,4446.01
900680,4446.01
900690,4446.01
900700,4446.01
900710,4446.01
900800,4443.02
900810,4443.02
900910,4442
900920,4442
900930,4442
900940,4442
900950,4443.01
900960,4443.01
900970,4443.01
901000,4443.01
901020,4442
901060,4442
901070,4442
901080,4442
901090,4442
901100,4442
901110,4446.01
901120,4446.01
901130,4446.02
901140,4446.02
901150,4446.02
901160,4442
901170,4446.01
901180,4445
901190,4445
901200,4445
901205,4442
901206,4442
901210,4442
901220,4441
901225,4441
901230,4442
901240,4441
901250,4441
901260,4441
901270,4441
901280,4445
901290,4445
901310,4445
901320,4445
901330,4444
901350,4445
901360,4445
901390,4441
901400,4444
901450,4444
901460,4445
901470,4444
901480,4444
901490,4444
901500,4445
901520,4444
901530,4445
901700,4445
901710,4445
901720,4444
901750,4415.24
901760,4446.02
901780,4446.02
901970,4443.02
901980,4443.02
901990,4446.02
902000,4446.01
902020,4412
902050,4443.02
909999,4446.01
1000010,4104
1000020,4104
1000030,4104
1000040,4104
1000050,4104
1000060,4104
1000070,4093
1000080,4093
1000090,4092
1000100,4093
1000110,4093
1000130,4093
1000140,4093
1000150,4093
1000160,4102
1000170,4102
1000180,4102
1000200,4102
1000210,4025
1000220,4025
1000230,4033
1000240,4025
1000250,4025
1000270,4033
1000280,4026
1000290,4026
1000310,4105
1000320,4031
1000340,4031
1000350,4030
1000360,4026
1000370,4031
1000380,4030
1000410,4031
1000430,4031
1000460,4034
1000490,4034
1000510,4026
1000520,4034
1000560,4026
1000600,4056
1000610,4056
1000620,4058
1000630,4058
1000640,4057
1000650,4058
1000660,4059.02
1000670,4059.02
1000680,4059.02
1000690,4059.02
1000700,4059.02
1000720,4059.02
1000730,4059.02
1000740,4058
1000750,4058
1000760,4058
1000770,4058
1000780,4057
1000790,4057
1000820,4058
1000830,4058
1000840,4025
1000850,4025
1000860,4028
1000870,4031
1000880,4026
1000890,4026
1000900,4031
1000910,4031
1000920,4025
1000930,4025
1000940,4029
1000950,4030
1000960,4029
1000970,4030
1000980,4034
1001000,4105
1001010,4105
1001020,4024
1001030,4025
1001040,4028
1001050,4026
1001070,4034
1001080,4034
1001090,4105
1001100,4105
1001210,4053.02
1001220,4053.02
1001230,4053.02
1001240,4028
1001250,4028
1001260,4029
1001270,4029
1001290,4028
1001300,4028
1001330,4029
1001340,4031
1001380,4058
1001390,4060
1001420,4059.01
1001430,4059.01
1001440,4062.01
1001450,4059.01
1001460,4059.01
1001470,4058
1001490,4063
1001500,4058
1001510,4063
1001520,4063
1001530,4063
1001540,4064
1001550,4064
1001560,4057
1001570,4064
1001580,4061
1001590,4059.01
1001720,4060
1001730,4061
1001760,9832
1001770,9832
1001800,9832
1001860,4017
1001870,4066.01
1001880,4066.01
1001890,4068
1001900,4065
1001910,4070
1001920,4068
1001930,4068
1001940,4071.01
1001950,4071.01
1001960,4070
1001970,4072
1001980,4061
1001990,4061
1002000,4072
1002010,4072
1002020,4072
1002030,4072
1002040,4065
1002050,4071.01
1002060,4065
1002070,4071.01
1002100,4069
1002110,4068
1002120,4068
1002130,4071.01
1002140,4065
1002150,4068
1002160,4068
1002170,4070
1002180,4070
1002190,4070
1002200,4070
1002210,4066.01
1002220,4070
1002230,4068
1002240,4068
1002250,4068
1002400,4069
1002520,4012
1002530,4012
1002540,4011
1002570,4011
1002580,4010
1002590,4010
1002610,4010
1002650,4011
1002660,4011
1002670,4012
1002680,4011
1002690,4010
1002700,4010
1002710,4041.01
1002720,4041.01
1002730,4074
1002740,4074
1002750,4074
1002760,4076
1002770,4076
1002780,4076
1002790,4012
1002800,4012
1002810,4012
1002820,4012
1002830,4003
1002840,4012
1002850,4011
1002860,4003
1002870,4012
1002880,4077
1002900,4077
1002920,4077
1002930,4077
1002960,4006
1002970,4006
1002980,4006
1002990,4006
1003000,4003
1003010,4003
1003020,4060
1003030,4060
1003040,4060
1003050,4060
1003060,4054.01
1003070,4054.01
1003080,4054.01
1003090,4053.02
1003130,4073
1003140,4073
1003150,4073
1003160,4088
1003170,4088
1003180,4088
1003190,4088
1003200,4088
1003210,4086
1003220,4085
1003230,4086
1003240,4085
1003250,4086
1003260,4088
1003270,4086
1003280,4086
1003290,4084
1003300,4089
1003310,4088
1003320,4085
1003330,4086
1003340,4086
1003350,4085
1003360,4088
1003400,4105
1003410,4025
1003420,4030
1003440,4022
1003450,4022
1003460,4025
1003470,4025
1003480,4030
1003490,4030
1003500,4033
1003510,4026
1003520,4026
1003530,4022
1003540,4022
1003550,4105
1003560,4105
1003570,4018
1003580,4089
1003590,4089
1003600,4089
1003610,4089
1003620,4089
1003630,4089
1003640,4095
1003650,4095
1003660,4089
1003670,4090
1003680,4089
1003690,4097
1003700,4084
1003710,4085
1003720,4085
1003730,4096
1003740,4089
1003750,4084
1003760,4084
1003770,4085
1003780,4095
1003790,4097
1003800,4084
1003810,4085
1003820,4085
1003830,4085
1003840,4085
1003850,4095
1003860,4095
1003890,4095
1003900,4095
1003910,4095
1003920,4095
1003930,4095
1003940,4095
1003990,4095
1004000,4095
1004010,4095
1004030,4094
1004040,4054.01
1004050,4054.01
1004060,4055
1004070,4054.01
1004080,4055
1004090,4055
1004100,4055
1004110,4054.01
1004120,4054.01
1004130,4030
1004140,4030
1004150,4033
1004160,4031
1004170,4033
1004180,4097
1004190,4097
1004200,4096
1004210,4096
1004220,4097
1004230,4097
1004240,4094
1004250,4094
1004260,4097
1004270,4097
1004280,4097
1004290,4097
1004300,4096
1004310,4096
1004320,4093
1004330,4094
1004340,4103
1004350,4102
1004360,4101
1004370,4103
1004380,4103
1004390,4090
1004400,4091
1004410,4103
1004420,4094
1004430,4094
1004440,4094
1004450,4090
1004470,4098
1004480,4101
1004490,4101
1004500,4101
1004510,4091
1004520,4090
1004530,4103
1004540,4103
1004550,4093
1004570,4094
1004580,4094
1004590,4094
1004600,4098
1004610,4103
1004620,4103
1004700,4092
1004710,4092
1004720,4092
1004730,4092
1004740,4092
1004770,4025
1004780,4025
1004790,4105
1004800,4024
1004810,4024
1004820,4105
1004850,4016
1004860,4016
1004870,4016
1004880,4016
1004890,4016
1004900,4016
1004910,4015
1004920,4015
1004940,4016
1004950,4105
1004980,4090
1004990,4090
1005010,4017
1005020,4004
1005030,4238
1005040,4004
1005050,4004
1005060,4004
1005070,4004
1005080,4005
1005090,4005
1005110,4008
1005120,4005
1005130,4005
1005140,4005
1005150,4005
1005160,4067
1005170,4067
1005180,4067
1005190,4047
1005200,4067
1005210,4067
1005220,4064
1005230,4057
1005240,4045.02
1005250,4045.02
1005270,4046
1005290,4046
1005300,4046
1005380,4046
1005390,4102
1005400,4104
1005410,4102
1005420,4104
1005430,4074
1005500,4084
1005510,4085
1005530,4085
1005540,4084
1005550,4097
1005560,4097
1005570,4097
1005580,4097
1005590,4097
1005600,4097
1005610,4097
1005620,4097
1005630,4102
1005640,4097
1005650,4103
1005660,4102
1005670,4103
1005680,4102
1005690,4102
1005700,4102
1005730,4104
1005780,4104
1005790,4084
1005800,4084
1005830,4073
1005840,4039
1005850,4057
1005860,4057
1005870,4077
1005880,4077
1005890,4077
1005900,4077
1005910,4077
1005920,4074
1005940,4042
1005950,4043
1005970,4042
1005980,4044
1005990,4044
1006000,4042
1006010,4043
1006020,4043
1006030,4043
1006040,4042
1006050,4042
1006060,4044
1006070,4043
1006080,4043
1006090,4044
1006100,4044
1006110,4043
1006120,4044
1006130,4044
1006140,4044
1006150,4044
1006160,4043
1006170,4042
1006180,4044
1006190,4044
1006200,4044
1006210,4044
1006220,4042
1006230,4043
1006240,4044
1006250,4042
1006260,4044
1006270,4012
1006290,4031
1006300,4030
1006310,4030
1006320,4030
1006330,4031
1006340,4029
1006350,4030
1006360,4031
1006380,4028
1006390,4030
1006400,4030
1006420,4029
1006430,4029
1006440,4029
1006450,4029
1006500,4035.01
1006520,4035.01
1006530,4035.01
1006540,4013
1006610,9832
1006620,9832
1006640,4040
1006650,4041.01
1006700,4030
1006710,4030
1006730,4003
1006740,4238
1006750,4003
1006760,4003
1006770,9832
1006780,4035.01
1006790,4043
1006800,4012
1006820,4035.01
1006840,4043
1006860,4035.01
1006880,4012
1006960,4090
1006970,4081
1006980,4044
1007030,4087
1007040,4081
1007050,4081
1007060,4081
1007070,4092
1007080,4092
1007100,4081
1007110,4092
1007120,4092
1007140,4226
1007210,4067
1007220,4049
1007230,4049
1007240,4050
1007300,4002
1007310,4002
1007320,4002
1007330,4002
1007340,4004
1007350,4003
1007430,4003
1007440,4003
1007450,4002
1007460,4002
1007470,4002
1007500,4003
1007520,4003
1007530,4002
1007540,4002
1007550,4003
1007560,4003
1007570,4045.02
1007580,4045.02
1007590,4045.02
1007600,4045.02
1007610,4045.02
1007620,4045.02
1007630,4045.02
1007650,4067
1007660,4067
1007680,4067
1007690,4067
1007700,4066.01
1007710,4067
1007720,4067
1007730,4067
1007740,4067
1007750,4067
1007860,4051
1007870,4051
1007880,4079
1007890,4079
1007900,4079
1007950,4044
1007960,4044
1007970,4044
1007980,4044
1007990,4044
1008000,4044
1008010,4099
1008020,4060
1008030,4060
1008040,4060
1008050,4060
1008060,4033
1008070,4033
1008080,4060
1008090,4060
1008100,4060
1008110,4060
1008120,4061
1008130,4061
1008140,4061
1008150,4061
1008160,4061
1008170,4061
1008180,4060
1008190,4060
1008200,4060
1008210,4060
1008220,4061
1008260,4104
1008280,4060
1008290,4060
1008300,4059.02
1008310,4060
1008320,4059.02
1008330,4060
1008340,4060
1008350,4059.01
1008370,4059.01
1008380,4060
1008400,4062.01
1008410,4061
1008420,4061
1008430,4062.02
1008440,4061
1008450,4060
1008480,4061
1008490,4072
1008500,4072
1008510,4061
1008520,4073
1008530,4074
1008680,4086
1008690,4088
1008790,4095
1008830,4096
1008860,4103
1008880,4323
1008890,4061
1008900,4072
1008910,4088
1008920,4086
1008930,4089
1008980,4062.01
1008990,4087
1009000,4088
1009010,4054.02
1009020,4054.02
1009030,4053.02
1009040,4053.02
1009050,4054.01
1009060,4054.02
1009070,4054.02
1009080,4054.02
1009090,4054.02
1009100,4054.02
1009110,4059.02
1009120,4059.02
1009130,4053.02
1009140,4054.01
1009150,4054.01
1009160,4054.01
1009170,4054.01
1009180,4053.01
1009190,4054.01
1009200,4059.02
1009210,4059.02
1009220,4059.02
1009230,4059.02
1009240,4059.01
1009250,4059.01
1009260,4059.01
1009280,4062.01
1009310,4055
1009320,4055
1009330,4055
1009340,4055
1009350,4055
1009360,4063
1009370,4064
1009380,4063
1009390,4057
1009400,4057
1009410,4057
1009430,4057
1009490,4086
1009500,4086
1009510,4086
1009520,4086
1009530,4086
1009540,4086
1009550,4086
1009560,4091
1009570,4091
1009580,4090
1009590,4091
1009600,4091
1009610,4090
1009620,4090
1009630,4090
1009640,4090
1009650,4090
1009660,4090
1009670,4090
1009680,4090
1009690,4090
1009700,4090
1009720,4090
1009730,4090
1009740,4090
1009750,4090
1009760,4090
1009770,4083
1009780,4083
1009840,9832
1009850,9832
1009860,9832
1009890,4090
1009900,4090
1009910,4090
1009920,4090
1009930,4090
1009940,4090
1009950,4090
1009960,4092
1009970,4092
1009980,4088
1009990,4042
1009999,4090
1010000,4043
1010010,4042
1010020,4042
1010030,4044
1010040,4044
1010050,4042
1010060,4098
1010070,4098
1010080,4098
1010090,4098
1010110,4098
1010120,4098
1010130,4101
1010140,4054.02
1010150,4059.02
1010170,4059.02
1010180,4059.02
1010190,4059.02
1010200,4059.02
1010210,4059.01
1010220,4059.01
1010230,4059.01
1010240,4059.01
1010250,4059.01
1010260,4062.01
1010270,4062.01
1010280,4062.01
1010290,4062.01
1010300,4062.02
1010310,4062.01
1010320,4062.02
1010330,4062.02
1010340,4053.02
1010360,4072
1010370,4071.01
1010380,4071.02
1010390,4072
1010400,4053.02
1010420,4072
1010430,4071.02
1010440,4074
1010450,4076
1010460,4076
1010470,4074
1010480,4076
1010490,4053.02
1010500,4087
1010530,4087
1010560,4086
1010570,4054.01
1010580,4054.01
1010590,4075
1010610,4086
1010620,4076
1010630,4075
1010650,4086
1010670,4062.02
1010680,4062.02
1010700,4086
1010710,4086
1010720,4072
1010730,4076
1010740,4077
1010780,4076
1010790,4074
1010800,4076
1010820,4029
1010840,4029
1010920,4065
1010960,4064
1010990,4061
1011000,4061
1011010,4062.02
1011050,4063
1011060,4063
1011100,4061
1011110,4061
1011120,4062.02
1011130,4065
1011140,4065
1011190,4049
1011200,4049
1011220,4066.02
1011230,4049
1011260,4066.02
1011270,4066.02
1011290,4061
1011300,4061
1011310,4061
1011320,4061
1011330,4061
1011340,4061
1011350,4061
1011360,4061
1011370,4061
1011400,4099
1011410,4041.02
1011420,4041.02
1011430,4045.02
1011520,4098
1011530,4098
1011540,4100
1011550,4099
1011560,4098
1011570,4100
1011580,4100
1011590,4099
1011600,4098
1011610,4098
1011620,4099
1011630,4099
1011640,4099
1011650,4100
1011660,4039
1011670,4034
1011690,4029
1011700,4029
1011710,4039
1011720,4038
1011750,4037.02
1011790,4039
1011800,4034
1011810,4034
1011820,4034
1011830,4037.02
1011840,4038
1011850,4037.02
1011860,4037.02
1011880,4035.01
1011890,4039
1011900,4039
1011910,4038
1011920,4083
1011930,4083
1011940,4083
1011950,4083
1011960,4083
1011970,4081
1011980,4081
1011990,4083
1012000,4050
1012010,4051
1012020,4099
1012030,4099
1012040,4081
1012050,4081
1012060,4081
1012070,4081
1012080,4081
1012090,4081
1012100,4081
1012110,4081
1012120,4081
1012130,4081
1012140,4042
1012150,4042
1012160,4044
1012170,4044
1012180,4044
1012190,4044
1012200,4044
1012210,4044
1012220,4042
1012230,4029
1012240,4035.02
1012250,4037.01
1012260,4035.01
1012270,4037.01
1012280,4029
1012290,4035.02
1012300,4035.02
1012310,4040
1012320,4035.01
1012330,4040
1012340,4035.02
1012350,4090
1012360,4090
1012390,4045.02
1012400,4045.02
1012410,4045.02
1012420,4045.02
1012430,4090
1012440,4090
1012450,4090
1012460,4090
1012470,4090
1012480,4090
1012490,4090
1012500,4090
1012510,4090
1012520,4090
1012530,4090
1012540,4090
1012550,4090
1012560,4090
1012570,4090
1012580,4090
1012590,4071.02
1012600,4076
1012610,4076
1012620,4076
1012640,4071.02
1012650,4078
1012660,4078
1012690,4073
1012700,4072
1012720,4076
1012730,4076
1012780,4069
1012790,4069
1012800,4079
1012810,4079
1012820,4070
1012840,4079
1012850,4069
1012860,4078
1012870,4070
1012880,4071.02
1012890,4076
1012900,4076
1012910,4079
1012920,4069
1012950,4069
1013030,4083
1013040,4083
1013050,4082
1013060,4082
1013070,4082
1013080,4083
1013090,4082
1013100,4083
1013110,4082
1013120,4078
1013130,4082
1013160,4017
1013170,4050
1013180,4017
1013190,4017
1013260,4033
1013270,4080
1013280,4080
1013290,4046
1013300,4080
1013310,4046
1013320,4080
1013330,4080
1013340,4080
1013350,4046
1013360,4080
1013370,4080
1013380,4046
1013390,4003
1013400,4099
1013410,4099
1013420,4099
1013430,4099
1013440,4081
1013450,4083
1013460,4083
1013470,4099
1013480,4081
1013490,4081
1013500,4099
1013510,4099
1013540,4077
1013560,4067
1013570,4038
1013580,4038
1013590,4050
1013600,4038
1013610,4052
1013620,4034
1013630,4053.01
1013640,4034
1013650,4053.02
1013670,4053.02
1013680,4053.01
1013690,4034
1013710,4052
1013740,4052
1013750,4051
1013760,4038
1013770,4038
1013780,4038
1013790,4051
1013800,4038
1013810,4051
1013820,4038
1013830,4038
1013840,4047
1013850,4047
1013860,4047
1013870,4047
1013880,4047
1013890,4047
1013900,4047
1013910,4047
1013920,4047
1013930,4047
1013940,4048
1013950,4047
1013960,4047
1013970,4047
1013980,4047
1013990,4047
1014000,4047
1014010,4047
1014020,4047
1014030,4047
1014040,4047
1014050,4067
1014060,4067
1014070,4067
1014080,4067
1014090,4047
1014100,4047
1014110,4067
1014120,4067
1014130,4067
1014150,4067
1014160,4047
1014170,4047
1014180,4041.02
1014190,4041.02
1014200,4041.02
1014210,4104
1014230,4051
1014240,4051
1014250,4051
1014260,4051
1014270,4051
1014310,4036
1014320,4098
1014330,4102
1014380,4056
1014390,4068
1014400,4066.01
1014410,4070
1014420,4069
1014450,4087
1014460,4082
1014470,4082
1014480,4082
1014490,4082
1014500,4082
1014510,4086
1014520,4086
1014560,4083
1014570,4084
1014580,4097
1014590,4098
1014600,4098
1014640,4101
1014650,4097
1014660,4102
1014670,4101
1014680,4101
1014690,4102
1014700,4102
1014710,4102
1014720,4036
1014730,4049
1014740,4052
1014750,4052
1014760,4052
1014770,4052
1014780,4057
1014790,4067
1014800,4066.02
1014810,4102
1014830,4078
1014840,4049
1014860,4097
1014870,4097
1014880,4067
1014890,4067
1014910,4097
1014920,4097
1014930,4079
1014960,4048
1014970,4037.02
1014980,4079
1015000,4079
1015010,4067
1015020,4066.02
1015030,4037.02
1015040,4068
1015050,4066.01
1015080,4066.01
1015090,4067
1015100,4070
1015120,4052
1015130,4050
1015140,4084
1015150,4084
1015160,4069
1015180,4078
1015190,4049
1015210,4083
1015220,4083
1015230,4082
1015240,4049
1015250,4049
1015270,4036
1015280,4035.02
1015290,4102
1015300,4052
1015310,4049
1015320,4049
1015340,4077
1015360,4077
1015410,4051
1015420,4051
1015430,4051
1015440,4051
1015450,4051
1015460,4051
1015470,4051
1015480,4051
1015490,4051
1015500,4050
1015510,4051
1015610,4027
1015630,4016
1015690,4014
1015700,4014
1015710,4014
1015720,4014
1015730,4010
1015740,4010
1015750,4010
1015790,4010
1015840,4007
1015850,4007
1015870,4007
1015880,4007
1015890,4007
1015900,4007
1015920,4007
1015930,4007
1015950,4015
1015990,4100
1016020,4028
1016030,4014
1016040,4014
1016050,4014
1016060,4014
1016070,4014
1016080,4014
1016090,4014
1016100,4014
1016110,4014
1016120,4014
1016130,4010
1016140,4010
1016160,4010
1016180,4010
1016190,4010
1016200,4010
1016210,4010
1016220,4010
1016230,4010
1016240,4007
1016250,4007
1016270,4007
1016280,4007
1016290,4007
1016300,4007
1016310,4007
1016320,4007
1016330,4007
1016340,4007
1016350,4007
1016380,4027
1016390,4027
1016400,4010
1016410,4010
1016420,4045.02
1016480,4017
1016490,4002
1016500,4044
1016510,4042
1016520,4066.02
1016525,4046
1016530,4046
1016550,4077
1016560,4077
1016570,4076
1016580,4076
1016590,4076
1016600,4076
1016610,4076
1016620,4076
1016630,4077
1016640,4076
1016650,4077
1016660,4044
1016670,4045.01
1016680,4045.02
1016690,4045.02
1016700,4045.02
1016710,4045.02
1016730,4042
1016740,4045.02
1016750,4045.01
1016770,4044
1016780,4044
1016790,4046
1016800,4081
1016810,4079
1016820,4044
1016830,4044
1016840,4045.02
1016850,4098
1016860,4099
1016870,4045.02
1016880,4044
1016890,4044
1016900,4099
1016910,4099
1016920,4099
1016930,4099
1016940,4046
1016950,4046
1016960,4046
1016970,4046
1016980,4046
1016990,4099
1017000,4081
1017010,4099
1017020,4099
1017030,4099
1017040,4099
1017050,4081
1017060,4099
1017070,4099
1017080,4099
1017090,4099
1017100,4045.02
1017110,4046
1017130,4081
1017140,4045.02
1017150,4046
1017160,4046
1017170,4046
1017190,4033
1017230,4033
1017240,4035.01
1017250,4039
1017260,4039
1017270,4039
1017280,4040
1017290,4039
1017300,4035.02
1017310,4035.02
1017320,4050
1017330,4055
1017340,4056
1017350,4050
1017360,4050
1017370,4056
1017380,4049
1017390,4054.01
1017400,4053.01
1017410,4056
1017420,4056
1017430,4052
1017440,4056
1017450,4050
1017460,4050
1017470,4050
1017480,4049
1017490,4050
1017500,4049
1017510,4049
1017520,4049
1017530,4049
1017540,4049
1017550,4055
1017560,4050
1017570,4047
1017590,4052
1017600,4056
1017610,4055
1017620,4052
1017630,4055
1017640,4055
1017650,4055
1017660,4052
1017670,4049
1017680,4047
1017690,4047
1017710,4022
1017720,4022
1017730,4022
1017740,4022
1017760,4041.02
1017770,4041.01
1017790,4041.01
1017810,4041.01
1017820,4041.01
1017830,4041.01
1017840,4041.01
1017870,4041.01
1017890,4041.01
1017940,4042
1017950,4041.01
1017960,4041.01
1017970,4041.01
1017980,4041.01
1017990,4041.01
1018020,4068
1018030,4069
1018040,4069
1018050,4081
1018060,4081
1018070,4081
1018080,4068
1018090,4068
1018100,4069
1018110,4081
1018120,4080
1018130,4079
1018140,4080
1018150,4073
1018160,4088
1018170,4089
1018180,4089
1018190,4089
1018220,4088
1018230,4088
1018240,4088
1018250,4014
1018270,4014
1018300,4015
1018310,4014
1018320,4014
1018330,4009
1018340,4009
1018350,4009
1018360,4009
1018370,4008
1018380,4008
1018390,4008
1018400,4008
1018410,4008
1018430,4008
1018440,4014
1018450,4027
1018460,4015
1018470,4016
1018490,4009
1018500,4014
1018510,4016
1018520,4016
1018530,4039
1018540,4039
1018550,4039
1018560,4039
1018570,4039
1018580,4045.02
1018590,4045.02
1018600,4045.02
1018610,4045.02
1018620,4066.01
1018630,4066.01
1018640,4066.01
1018650,4066.01
1018660,4066.01
1018680,4087
1018690,4087
1018700,4087
1018710,4087
1018720,4077
1018730,4087
1018740,4073
1018750,4088
1018760,4088
1018770,4087
1018780,4087
1018790,4075
1018810,4087
1018820,4087
1018830,4082
1018840,4087
1018850,4082
1018860,4082
1018870,4078
1018880,4082
1018890,4078
1018900,4082
1018910,4077
1018920,4087
1018930,4087
1018940,4073
1018950,4088
1018980,4099
1018990,4099
1019000,4099
1019010,4099
1019020,4099
1019030,4099
1019040,4099
1019050,4099
1019060,4099
1019070,4099
1019180,4005
1019190,4005
1019200,4005
1019210,4005
1019240,4006
1019250,4006
1019260,4005
1019270,4005
1019300,4099
1019320,4081
1019330,4081
1019340,4081
1019350,4081
1019370,4081
1019380,4081
1019390,4081
1019400,4081
1019410,4044
1019420,4081
1019470,4080
1019480,4080
1019490,4081
1019500,4301.02
1019510,4080
1019520,4081
1019530,4081
1019540,4080
1019550,4081
1019560,4080
1019570,4046
1019580,4081
1019590,4080
1019605,4081
1019620,4045.02
1019640,4045.02
1019650,4045.02
1019660,4045.02
1019690,4045.02
1019700,4045.02
1019720,4046
1019740,4046
1019760,4045.02
1019780,4088
1019820,4073
1019830,4088
1019840,4007
1019850,4240.01
1019930,4083
1020020,4013
1020060,4013
1020070,4013
1020080,4013
1020090,4013
1020100,4013
1020110,4013
1020120,4011
1020130,4011
1020140,4011
1020150,4011
1020160,4011
1020190,4011
1020200,4011
1020210,4011
1020220,4011
1020250,4011
1020260,4003
1020270,4003
1020280,4003
1020290,4006
1020310,4005
1020320,4004
1020330,4004
1020360,4006
1020370,4004
1020380,4005
1020420,4003
1020450,4013
1020460,4011
1020570,4044
1020590,4044
1020640,4079
1020650,4079
1020660,4069
1020670,4079
1020680,4079
1020690,4079
1020700,4079
1020710,4079
1020720,4092
1020750,4076
1020760,4050
1020770,4052
1020780,4051
1020790,4051
1020810,4001
1020820,4001
1020830,4105
1020840,4105
1020850,4105
1020860,4105
1020870,4044
1020880,4016
1020890,4024
1020960,4017
1020970,4017
1020980,4016
1020990,4027
1021060,4012
1021080,4035.01
1021090,4040
1021110,4040
1021130,4035.01
1021140,4038
1021150,4051
1021160,4038
1021170,9832
1021180,4022
1021190,4022
1021240,4017
1030020,4028
1030040,4010
1030050,4010
1030060,4015
1030080,4014
1030090,4008
1030120,4017
1030140,4018
1030150,4022
1030170,4022
1030180,4022
1030190,4017
1030200,4017
1030210,4015
1030220,4015
1030230,4016
1030250,4017
1030260,4022
1030270,4022
1030280,4025
1030290,4027
1030300,4024
1030310,4025
1030320,4033
1030330,4030
1030410,4079
1030420,4078
1030490,4064
1030500,4030
1030520,4097
1030530,4081
1030550,4004
1030610,4084
1030620,4046
1030630,4054.01
1030640,4060
1030650,4053.02
1030660,4060
1030670,9820
1030690,4033
1030710,4088
1030720,4086
1030730,4072
1030740,4030
1030750,4030
1030760,4030
1030770,4093
1030790,4043
1030810,4061
1030820,4072
1030840,4006
1030860,4095
1030870,4013
1030880,4031
1030890,4031
1030920,4078
1030950,4037.02
1030970,4028
1030980,4004
1030990,4086
1031000,4088
1031010,4088
1031020,4088
1031030,4028
1031060,4028
1031070,4028
1031080,4002
1031100,4003
1031110,4061
1031120,4081
1031130,4003
1031160,4057
1031180,4029
1031210,4101
1031220,4011
1031230,4045.02
1031300,4051
1031370,4018
1031420,4018
1031430,4034
1031480,4090
1031490,4090
1031500,4030
1031520,4025
1031530,4025
1031540,4025
1031560,9832
1031610,4040
1031620,4035.01
1031640,4094
1031650,4091
1031660,4099
1031670,3522.02
1031680,4006
1031690,4070
1031700,4090
1031710,4077
1031770,4001
1031780,4029
1031790,4029
1031800,4029
1031820,9832
1031840,4018
1031850,4022
1031860,4007
1031880,4002
1031890,4003
1031910,4101
1031940,4029
1031950,4015
1031960,4015
1031970,4015
1031990,4015
1032020,9832
1032040,4087
1032050,4087
1032060,4087
1032070,4007
1032100,4015
1032180,4053.02
1032190,4053.02
1032220,4027
1099999,4027
1100020,4261
1100030,4261
1100040,4261
1100050,4261
1100060,4261
1100070,4261
1100080,4261
1100090,4261
1100100,4262
1100110,4262
1100120,4261
1100130,4261
1100140,4261
1100150,4261
1100160,4261
1100170,4261
1100180,4261
1100190,4261
1100200,4261
1100210,4047
1100220,4261
1100230,4261
1100240,4262
1100250,4261
1100260,4261
1100270,4261
1100280,4261
1100290,4262
1100300,4261
1100310,4261
1100320,4262
1100340,4261
1100350,4262
1100360,4261
1100370,4049
1100400,4262
1100410,4262
1100420,4262
1100430,4262
1100440,4262
1100460,4262
1100470,4042
1100480,4262
1100530,4261
1100540,4262
1100550,4262
1100560,4262
1100570,4262
1100580,4262
1100590,4262
1100600,4262
1100610,4262
1100620,4262
1100630,4262
1100640,4262
1100650,4261
1100660,4261
1100690,4261
1100700,4261
1100710,4261
1100720,4261
1200010,3630
1200020,3630
1200030,3630
1200040,3630
1200050,3630
1200060,3630
1200070,3630
1300010,3730
1300020,3730
1300030,3730
1300040,3730
1300190,3810
1300210,3750
1300220,3720
1300230,3720
1300240,3740
1300250,3730
1300260,3720
1300270,3730
1300280,3720
1300290,3730
1300300,3740
1300310,3720
1300320,3730
1300330,3740
1300340,3720
1300350,3720
1300360,3720
1300370,3720
1300380,3760
1300390,3770
1300400,3760
1300410,3760
1300440,3780
1300450,3780
1300460,3760
1300470,3760
1300480,3760
1300490,3760
1300500,3760
1300510,3760
1300520,3760
1300530,3760
1300540,3671
1300550,3671
1300560,3671
1300570,3671
1300580,3922
1300590,3922
1300600,3922
1300610,3760
1300620,3760
1300630,3700
1300640,3760
1300650,3700
1300660,3700
1300670,3700
1300680,3700
1300690,3671
1300700,3671
1300710,3671
1300720,3671
1300730,3671
1300740,3671
1300790,3820
1300800,3820
1300810,3810
1300820,3810
1300830,3830
1300840,3830
1300850,3810
1300860,3810
1300870,3820
1300880,3820
1300910,3830
1300940,3810
1300950,3810
1300960,3820
1300970,3820
1300980,3820
1300990,3820
1301000,3830
1301010,3830
1301020,3830
1301030,3830
1301040,3820
1301050,3820
1301060,3830
1301070,3830
1301080,3830
1301090,3830
1301100,3830
1301130,3830
1301150,3810
1301160,3800
1301170,3790
1301180,3790
1301190,3800
1301200,3790
1301210,3800
1301220,3790
1301230,3800
1301240,3800
1301250,3820
1301260,3810
1301270,3820
1301280,3810
1301290,3810
1301300,3820
1301310,3820
1301320,3810
1301330,3820
1301340,3810
1301350,3800
1301360,3790
1301370,3790
1301380,3800
1301390,3790
1301410,3630
1301420,3630
1301430,3650.02
1301440,3650.02
1301450,3650.02
1301460,3650.02
1301470,3780
1301490,3750
1301500,3740
1301510,3720
1301520,3740
1301530,3720
1301540,3720
1301550,3720
1301560,3740
1301570,3740
1301580,3720
1301590,3740
1301600,3720
1301610,3710
1301620,3710
1301630,3720
1301650,3671
1301660,3671
1301670,3671
1301680,3671
1301690,3800
1301700,3760
1301710,3770
1301720,3770
1301750,3760
1301760,3760
1301770,3760
1301780,3760
1301790,3770
1301800,3820
1301810,3820
1301820,3820
1301830,3820
1301840,3820
1301850,3820
1301860,3671
1301870,3650.03
1301880,3650.03
1301890,3650.03
1301900,3630
1301910,3630
1301920,3630
1301930,3630
1301940,3630
1301950,3650.03
1301960,3650.03
1301990,3922
1302000,3922
1302070,3650.03
1302080,3650.03
1302090,3671
1302100,3671
1302120,3671
1302130,3671
1302170,3760
1302190,3770
1302200,3770
1302210,3810
1302220,3750
1302230,3810
1302240,3750
1302250,3740
1302260,3810
1302270,3810
1302280,3740
1302290,3810
1302300,3740
1302310,3810
1302320,3710
1302330,3810
1302340,3810
1302360,3810
1302380,3810
1302400,3770
1302410,3770
1302420,3770
1302430,3740
1302440,3770
1302460,3810
1302470,3700
1302475,3800
1302480,3800
1302500,3800
1302510,3760
1302530,3602
1302540,3602
1302550,3602
1302560,3602
1302570,3710
1302580,3710
1302590,3700
1302600,3922
1302610,3671
1302620,3671
1302630,3672
1302640,3671
1302650,3671
1302660,3671
1302670,3672
1302680,3671
1302690,3672
1302700,3671
1302710,3630
1302715,3630
1302720,3630
1302730,3630
1302740,3630
1302750,3630
1302760,3630
1302770,3922
1302780,3830
1302790,3830
1302800,3830
1302810,3830
1302820,3922
1302830,3922
1302850,3820
1302860,3820
1302870,3820
1302880,3820
1302890,3820
1302900,3820
1302930,3820
1302940,3820
1302960,3800
1302980,3800
1302990,3800
1303000,3730
1303010,3730
1303020,3720
1303030,3720
1303040,3720
1303050,3720
1303060,3720
1303070,3720
1303080,3720
1303090,3720
1303140,3760
1303200,3640.02
1303210,3640.02
1303215,3650.03
1303220,3650.03
1303230,3650.03
1303240,3650.03
1303250,3650.03
1303270,3800
1303280,3800
1303290,3790
1303300,3790
1303310,3820
1303320,3820
1303330,3820
1303340,3820
1303350,3780
1303370,3770
1303400,3790
1303410,3790
1303440,3770
1303480,3700
1303490,3700
1303500,3830
1303510,3710
1303520,3710
1303540,3720
1303550,3710
1303560,3700
1303570,3700
1303590,3700
1303600,3700
1303610,3710
1303620,3720
1303640,3830
1303650,3830
1303700,3671
1303710,3671
1303720,3671
1303730,3671
1303740,3671
1303750,3671
1303760,3780
1303770,3780
1303780,3780
1303790,3602
1303800,3601.01
1303810,3602
1303820,3601.01
1303850,3770
1303860,3770
1303870,3770
1303880,3922
1303890,3922
1303900,3922
1303920,3710
1303930,3922
1303950,3922
1304020,3560.02
1304030,3560.02
1304040,3601.02
1304050,3601.02
1304060,3601.02
1304070,3601.02
1304080,3601.02
1304090,3601.02
1304100,3630
1304120,3601.02
1304130,3810
1304140,3602
1304160,3720
1304180,3780
1304190,3710
1304210,3710
1304280,3650.02
1304290,3800
1304300,3800
1304310,3800
1304330,3800
1304340,3780
1304350,3800
1304360,3760
1304370,3770
1304380,3770
1304390,3770
1304400,3760
1309999,3650.03
1399999,3601.02
1400010,615
1400070,615
1410140,201
1410150,176.01
1410160,176.01
1410170,615
1410180,615
1410200,201
1410300,615
1410320,615
1410330,615
1410340,615
1410350,615
1410360,615
1410370,615
1410380,615
1410390,615
1410400,615
1410410,615
1410420,615
1410440,615
1410450,615
1410460,615
1410470,615
1410480,615
1499999,180
1500050,4332
1500060,4332
1500080,4332
1500110,4325.01
1500120,4332
1500150,4332
1500160,4332
1500170,4325.01
1500180,4325.01
1500190,4324
1500200,4324
1500210,4324
1500250,4331.03
1500260,4331.04
1500280,4330
1500290,4331.03
1500300,4331.03
1500310,4330
1500320,4331.03
1500330,4326
1500340,4327
1500350,4331.03
1500360,4327
1500370,4326
1500380,4321
1500390,4322
1500400,4326
1500410,4322
1500420,4321
1500430,4331.03
1500440,4327
1500460,4331.04
1500470,4330
1500480,4331.04
1500490,4331.04
1500500,4326
1500510,4327
1500520,4322
1500530,4321
1500540,4338
1500550,4338
1500560,4338
1500570,4338
1500590,4338
1500610,4338
1500630,4338
1500640,4338
1500720,4328
1500730,4328
1500750,4334
1500760,4334
1500770,4338
1500780,4326
1500790,4326
1500820,4325.02
1500840,4325.02
1500850,4326
1500870,4325.01
1500880,4325.02
1500890,4325.01
1500900,4325.02
1500940,4325.01
1501240,4331.03
1501250,4331.03
1501260,4331.03
1501270,4331.03
1501280,4331.03
1501290,4331.03
1501300,4331.02
1501310,4330
1501340,4323
1501350,4331.04
1501370,4322
1501380,4326
1501390,4331.04
1501400,4326
1501420,4323
1501440,4331.02
1501460,4326
1501480,4326
1501490,4331.04
1501500,4331.04
1501510,4331.04
1501540,4326
1501570,4326
1501600,4326
1501610,4327
1501620,4326
1501640,4326
1501650,4327
1501700,4326
1501710,4326
1501720,4326
1501730,4326
1501750,4331.02
1501760,4334
1501770,4334
1501780,4334
1501790,4336
1501800,4336
1501830,4333
1501840,4333
1501850,4336
1501860,4335
1501870,4336
1501880,4335
1501890,4336
1501900,4335
1501910,4332
1501920,4332
1501930,4332
1501940,4332
1501950,4327
1501960,4327
1501970,4327
1501980,4327
1501990,4328
1502000,4330
1502030,4331.02
1502040,4331.02
1502050,4331.02
1502060,4326
1502070,4326
1502080,4326
1502090,4326
1502110,4338
1502150,4331.02
1502160,4331.02
1502190,4336
1502200,4336
1502210,4335
1502240,4336
1502250,4336
1502260,4332
1502270,4336
1502280,4336
1502290,4336
1502300,4336
1502310,4335
1502320,4336
1502330,4336
1502340,4336
1502350,4336
1502360,4321
1502370,4321
1502380,4321
1502390,4328
1502400,4321
1502410,4321
1502420,4321
1502430,4321
1502440,4321
1502490,4324
1502520,4100
1502550,4333
1502560,4333
1502570,4334
1502580,4333
1502590,4324
1502600,4333
1502610,4334
1502620,4324
1502630,4333
1502640,4324
1502660,4332
1502700,4324
1502720,4324
1502730,4324
1502760,4333
1502770,4333
1502780,4333
1502790,4333
1502800,4326
1502810,4326
1502820,4326
1502830,4326
1502840,4326
1502850,4326
1502860,4326
1502880,4326
1502950,4326
1502960,4326
1503040,4333
1503050,4333
1503060,4333
1503070,4333
1503080,4333
1503090,4333
1503240,4336
1503300,4336
1503420,4335
1503470,4335
1503480,4334
1503490,4333
1503500,4334
1503510,4334
1503540,4334
1503550,4335
1503560,4333
1503570,4333
1503580,4333
1503590,4333
1503660,4324
1503800,4324
1503900,4324
1504000,4324
1504010,4334
1504020,4334
1504030,4334
1504040,4334
1504080,4331.02
1504090,4331.02
1504160,4338
1504170,4339
1504180,4338
1504190,4327
1504200,4326
1504210,4327
1504220,4338
1504230,4338
1504260,4324
1504280,4336
1504290,4336
1504330,4324
1504340,4324
1504350,4324
1504360,4324
1504370,4332
1504410,4324
1504420,4324
1504430,4324
1504450,4324
1504460,4324
1504470,4334
1504480,4334
1504490,4334
1504500,4334
1504510,4331.02
1504580,4324
1600010,3660.02
1600020,3660.01
1600030,3680.01
1600040,3690.01
1600050,3680.02
1600080,3680.01
1600090,3690.01
1600110,3660.01
1600120,3660.02
1600130,3660.02
1600150,3660.02
1600160,3660.01
1600170,3660.02
1600180,3660.01
1600190,3660.01
1600200,3690.01
1600210,3672
1600220,3672
1600230,3690.01
1600240,3690.01
1600250,3690.01
1600260,3690.01
1600270,3690.01
1600280,3690.01
1600300,3690.01
1600310,3690.01
1600320,3672
1600340,3672
1600350,3672
1600360,3672
1600370,3672
1600380,3672
1600400,3672
1600410,3672
1600420,3672
1600430,3672
1600440,3672
1600450,3672
1600470,3672
1600480,3672
1600490,3672
1600500,3690.01
1600510,3660.01
1600520,3660.01
1600530,3680.01
1600540,3680.02
1600550,3680.01
1600560,3680.02
1600570,3690.01
1600580,3680.01
1600590,3690.01
1600600,3680.02
1600610,3680.01
1600620,3700
1600630,3620
1600640,3690.02
1600650,3672
1600660,3672
1600680,3660.02
1600690,3660.02
1600700,3660.02
1600710,3660.02
1600720,3680.02
1600730,3680.02
1600740,3680.01
1600750,3680.02
1600760,3680.01
1600770,3680.02
1600780,3680.02
1600790,3680.01
1600800,3680.01
1600810,3680.01
1600820,3730
1600830,3660.02
1600840,3660.02
1600850,3690.01
1600860,3690.01
1600870,3690.01
1600880,3690.01
1600890,3690.01
1600910,3672
1600920,3690.01
1600930,3690.01
1600940,3690.01
1600950,3672
1600960,3672
1600970,3660.01
1600980,3690.01
1600990,3690.01
1601000,3672
1601010,3690.01
1601030,3690.01
1601040,3690.01
1601050,3690.01
1601060,3690.01
1601070,3660.01
1601080,3660.01
1601090,3660.01
1601100,3660.01
1601110,3690.01
1601120,3690.01
1601130,3690.01
1601140,3690.02
1601150,3690.02
1601160,3672
1601180,3690.01
1609999,3922
1700010,4403.06
1700020,4403.04
1700030,4403.04
1700060,4403.04
1700070,4403.06
1700080,4403.06
1700090,4403.31
1700110,4403.31
1700120,4403.04
1700130,4403.07
1700140,4403.01
1700150,4403.07
1700160,4403.01
1700170,4403.07
1700180,4403.01
1700190,4403.08
1700200,4403.08
1700210,4403.08
1700220,4403.01
1700230,4403.07
1700240,4403.01
1700250,4403.01
1700260,4403.08
1700270,4403.36
1700280,4403.08
1700290,4403.35
1700300,4403.08
1700310,4403.33
1700330,4403.07
1700340,4403.01
1700350,4403.36
1700360,4403.36
1700370,4403.08
1700380,4403.35
1700390,4402
1700400,4403.35
1700410,4402
1700420,4403.35
1700430,4403.36
1700440,4403.08
1700450,4403.08
1700460,4403.35
1700470,4402
1700480,4403.35
1700490,4403.06
1700500,4403.34
1700510,4403.33
1700520,4403.33
1700530,4403.34
1700550,4403.34
1700560,4403.33
1700590,4403.35
1700600,4401
1700610,4402
1700620,4381
1700630,4381
1700640,4403.01
1700650,4380
1700660,4402
1700670,4380
1700690,4403.35
1700760,4403.05
1700770,4403.05
1700790,4403.04
1700800,4403.32
1700810,4403.33
1700820,4403.33
1700830,4415.01
1700840,4415.01
1700850,4403.32
1700860,4403.05
1700880,4403.31
1700900,4403.33
1700910,4403.33
1700960,4403.31
1700970,4403.33
1700980,4403.34
1701000,4403.35
1701010,4403.35
1701180,4403.35
1701190,4403.35
1701210,4403.35
1701220,4403.35
1701240,4403.35
1701250,4403.35
1709999,4403.35
1800100,6080.04
1800110,6080.04
1800120,6080.04
1800130,6080.04
1800140,6080.04
1800150,6080.04
1800160,6080.04
1800170,6080.04
1800180,6080.04
1800190,6080.04
1800300,6080.04
1800310,6080.04
1800320,6080.04
1800330,6080.04
1900100,6085.01
1900110,6072
1900120,6072
1900130,6085.01
2200020,5130
2200050,5116.08
2200060,6139
2200220,5117.05
2200230,5117.05
2200240,5117.05
2200250,5117.05
2200260,5117.05
2200270,5117.05
2200280,5117.05
2200290,5117.05
2200300,5117.05
2200310,5117.05
2200320,5117.05
2200330,5117.05
2200340,5117.05
2200350,5117.05
2200360,5117.05
2200370,5117.05
2200380,5117.05
2200390,5117.05
2200400,5117.05
2200410,5115
2200420,5115
2200430,5117.05
2200440,5117.05
2200450,5117.05
2200470,5117.01
2200480,5117.05
2200490,5117.05
2200500,5117.05
2200510,5117.05
2200520,5117.05
2200530,5117.05
2200540,5117.05
2200550,5117.05
2200560,5117.05
2200570,5117.05
2200750,5113.02
2200760,6139
2200780,5107
2200790,5117.05
2200800,5116.09
2200810,5113.02
2200820,5113.02
2200830,5113.02
2200840,5113.02
2200860,5113.02
2200870,5117.05
2200880,5116.08
2200930,5116.08
2209999,5130
2300000,5045.04
2300010,5045.04
2300020,5044.13
2300030,5044.13
2300040,5045.04
2300060,5044.14
2300070,5044.14
2300080,5045.04
2300100,5044.13
2400000,6117
2400010,6118
2400020,6117
2400030,6139
2400040,6139
2400050,6139
2400060,6139
2400070,6139
2400080,6139
2400090,6139
2400100,6139
2400110,6139
2400120,6120
2400130,6118
2400140,6118
9700030,5116.08
9800010,4330
9800020,4338
9800090,4339
9800100,4339
9800110,4339
9800120,4339
9800130,4339
9800140,4339
9800150,4339
9800160,4339
9800170,4364.01
9800180,4363
9800190,4337
9800200,4340
9800210,4338
9800220,4337
9800230,4360
9800240,4360
9800250,4361
9800260,4360
9800270,4359
9800280,4360
9800290,4360
9800330,4359
9800340,4359
9800350,4310
9800360,4310
9800370,4310
9800380,4309
9800400,4310
9800440,4309
9800450,4309
9800480,4310
9800490,4309
9800500,4309
9800510,4309
9800520,4310
9800530,4310
9800540,4309
9800550,4306
9800560,4310
9800590,4311
9800600,4311
9800610,4308
9800620,4308
9800630,4352
9800640,4353
9800650,4308
9800670,4311
9800680,4308
9800710,4371.01
9800720,4338
9800730,4353
9800740,4353
9800750,4364.01
9800760,4364.01
9800770,4364.01
9800780,4353
9800790,4353
9800800,4364.01
9800810,4338
9800820,4338
9800840,4338
9800860,4340
9800870,4339
9800890,4339
9800900,4340
9800910,4339
9800920,4340
9800930,4340
9800940,4340
9800950,4340
9800970,4338
9800980,4340
9801000,4337
9801010,4352
9801020,4352
9801080,4338
9801090,4338
9801100,4305
9801110,4338
9801120,4328
9801130,4328
9801140,4338
9801150,4305
9801160,4328
9801170,4328
9801180,4338
9801190,4338
9801200,4338
9801230,4328
9801240,4339
9801250,4305
9801260,4305
9801270,4305
9801280,4305
9801290,4305
9801300,4305
9801310,4305
9801320,4305
9801330,4328
9801340,4328
9801350,4305
9801360,4305
9801370,4305
9801380,4305
9801400,4305
9801410,4305
9801420,4305
9801430,4305
9801440,4359
9801450,4359
9801460,4359
9801480,4312
9801490,4312
9801500,4312
9801510,4312
9801520,4312
9801530,4312
9801540,4312
9801550,4312
9801570,4312
9801580,4312
9801660,4361
9801670,4361
9801680,4361
9801690,4358
9801700,4358
9801710,4358
9801720,4361
9801730,4358
9801740,4358
9801760,4362
9801770,4308
9801780,4306
9801800,4306
9801810,4306
9801820,4352
9801830,4352
9801840,4352
9801850,4352
9801860,4352
9801870,4352
9801910,4307
9801920,4309
9801930,4307
9801940,4307
9801950,4307
9801970,4302
9801980,4302
9802010,4352
9802020,4353
9802030,4353
9802040,4352
9802050,4353
9802060,4352
9802070,4337
9802080,4356.01
9802090,4356.01
9802100,4356.01
9802110,4356.01
9802120,4357
9802130,4356.02
9802140,4356.01
9802150,4356.01
9802160,4306
9802170,4306
9802180,4305
9802190,4305
9802200,4306
9802210,4355
9802220,4355
9802230,4355
9802240,4355
9802250,4337
9802260,4337
9802270,4355
9802280,4355
9802290,4355
9802300,4355
9802320,5045.07
9802340,5045.06
9802350,5044.22
9802360,5045.06
9802370,5044.22
9802380,5045.07
9802390,5044.21
9802400,5045.06
9802410,5044.21
9802420,5044.22
9802430,5045.06
9802440,5045.06
9802450,5044.21
9802460,4358
9802470,4358
9802490,4358
9802500,4357
9802510,4358
9802520,4357
9802530,4358
9802540,4358
9802550,4358
9802560,4357
9802570,4357
9802580,4308
9802590,4310
9802600,4311
9802610,4309
9802620,4311
9802630,4312
9802640,4309
9802650,4308
9802660,4310
9802670,4312
9802680,4311
9802690,5045.04
9802700,5045.04
9802710,5045.04
9802720,5045.04
9802730,5045.04
9802740,5045.04
9802750,5045.04
9802790,5045.04
9802810,4307
9802820,4302
9802830,4303
9802840,4307
9802850,4302
9802860,4307
9802870,4302
9802880,4307
9802890,4307
9802900,4307
9802910,4302
9802920,4307
9802930,4307
9802940,4352
9802950,4352
9802980,4306
9803050,4309
9803060,4306
9803090,4306
9803100,4306
9803110,4306
9803120,4306
9803130,4306
9803150,4360
9803220,4362
9803230,4362
9803240,4362
9803290,4358
9803300,4358
9803310,4358
9804110,4311
9804120,4302
9804130,4302
9804150,4308
9804160,4303
9804170,4303
9804180,4302
9804190,4302
9804200,4302
9804210,4304
9804220,4306
9804230,4306
9804240,4306
9804250,4306
9804270,4309
9804280,4364.01
9804290,4364.01
9804300,4364.01
9804310,4364.01
9804320,4364.01
9804330,4364.01
9804340,4364.02
9804350,4364.02
9804360,4364.02
9804370,4364.01
9804380,4364.01
9804390,4364.01
9804410,4359
9804421,4361
9804630,4361
9804640,4361
9804650,4359
9804660,4359
9804690,4359
9804700,4359
9804710,4359
9804720,4360
9814120,4308
9814130,4308
9814150,4303
9814160,4308
9814170,4302
9814180,4303
9814190,4303
9814200,4303
9814210,4302
9814230,4310
9814240,4305
9814250,4359
9814260,4359
9900010,3650.02
9900020,3650.02
9900030,3650.02
9900040,3602
9900050,3602
9900060,3630
9900070,3602
9900080,3601.01
9900100,3602
9900110,3630
9900120,3630
9900140,3630
9900150,3630
9900160,3630
9900170,3630
9900180,3630
9900190,3602
9900200,3601.01
9900210,3920
9900220,4212
9900230,3910
9900240,3920
9900250,3920
9900260,3910
9900270,3910
9900280,3910
9900290,3910
9900300,3910
9900310,3920
9900320,3920
9900330,3910
9900340,3910
9900350,3620
9900360,3620
9900370,3620
9900380,3620
9900390,3620
9900400,3620
9900410,3620
9900420,3620
9900430,3620
9900440,3620
9900450,3620
9900460,3620
9900470,3620
9900480,3620
9900500,3920
9900520,3560.02
9900530,3560.02
9900540,3560.02
9900550,3601.02
9900560,3560.02
9900570,3910
9900575,3910
9900580,3910
9900590,3910
9900600,3690.02
9900610,3672
9900620,3672
9900630,3672
9900640,3630
9900650,3630
9900660,3630
9900670,3630
9900680,3630
9900690,3630
9900700,3630
9900710,3630
9900720,3630
9900730,3920
9900740,3630
9900750,3630
9900780,3650.02
9900790,3650.02
9900800,3650.02
9900810,3650.02
9900820,3602
9900830,3602
9900840,3620
9900850,3620
9900860,3601.02
9900870,3601.02
9900880,3601.02
9900890,3601.02
9900900,3601.02
9900920,3601.02
9900950,3920
9900960,3920
9900980,3672
9900990,3672
9901000,3672
9901010,3672
9901020,3672
9901030,3672
9901040,3630
9901050,3602
9901060,3602
9901070,3602
9901080,3602
9901090,3630
9901100,3610
9901110,3610
9901120,3610
9901130,3601.02
9901140,3610
9901150,3602
9901160,3602
9901170,3630
9901180,3690.02
9901190,3602
9901200,3610
9901210,3630
9901220,3690.02
9901230,3601.02
9901240,3601.02
9901250,3610
9901260,3610
9901270,3601.02
9901280,3610
9901290,3610
9901300,3602
9901310,3610
9901320,3602
9901390,3920
9901400,3602
9901410,3602
9901420,3602
9901430,3602
9901440,3601.02
9901450,3602
9901460,3602
9901470,3540.01
9901520,3601.01
9901530,3601.02
9901540,3602
9901550,4283.02
9901560,4283.02
9901580,4013
9901600,4028
9901620,3830
9901630,3860
9901640,3830
9901660,5113.02
9901670,4403.33
9901680,4403.33
9901720,4044
9901730,4363
9901740,4403.35
9901750,4431.02
9901760,4423.02
9901780,3660.01
9901790,3770
9901800,3830
9901810,3830
9901820,4022
9901840,4351.02
9901850,4431.05
9901860,4431.02
9901870,4431.03
9901880,4419.25
9901890,4419.23
9901900,4419.23
9901910,4419.25
9901920,4338
9901930,4282
9901940,4283.01
9901950,4283.01
9901970,3680.01
9901980,3680.02
9901990,3680.01
9902000,4419.24
9902010,4415.03
9902020,4424
9902030,4424
9902040,4411
9902050,4403.33
9902060,4351.02
9902070,4028
9902100,4088
9902110,4331.04
9902120,4331.04
9902130,4379
9902160,4415.03
9902170,4041.01
9902190,4272
9902220,4382.03
9902230,4309
9902240,4309
9902260,4251.04
9902270,4251.02
9902280,4041.01
9902290,4038
9902300,4038
9902310,4038
9902320,4052
9902350,4224
9902360,4224
9902400,4101
9902410,4101
9902420,4102
9902480,4229
9902490,4354
9902500,4354
9902510,4365
9902520,4354
9902530,4363
9902540,4354
9902550,4362
9902560,4354
9902570,4203
9902580,4072
9902590,4072
9902600,4065
9902610,4065
9902620,4065
9902630,4048
9902640,4066.02
9902650,4049
9902660,4064
9902670,4064
9902680,4064
9902690,4062.02
9902710,4419.23
9902720,4060
9902730,4060
9902750,4060
9902760,4072
9902770,4098
9902780,4365
9902790,4365
9902800,4379
9902810,4365
9902820,4365
9902830,4365
9902840,4204
9902850,3851
9902860,3851
9902870,3851
9902880,3672
9902890,3672
9902900,3672
9902910,3672
9902920,3602
9902930,3602
9902940,5111
9902950,5111
9902970,4101
9903000,4097
9903020,4024
9903030,4077
9903040,4078
9903050,5116.08
9903060,4333
9903070,4333
9903080,4359
9903090,4035.01
9903100,4282
9903110,4101
9903120,4101
9903130,4063
9903140,209
9903150,201
9903160,4403.35
9903170,4302
9903180,3552
9903190,3240.01
9903210,4280
9903220,4280
9903230,4281
9903240,4271
9903250,4280
9903260,4279
9903270,4279
9903280,4278
9903290,4273
9903300,4280
9903360,4276
9903380,4035.01
9903390,4012
9903400,4042
9903410,4002
9903420,4238
9903430,4239.02
9903440,4003
9903450,4003
9903460,4012
9903470,4013
9903480,4031
9903490,4031
9903500,4030
9903510,4041.01
9903530,4075
9903540,4087
9903550,4077
9903560,4087
9903570,4037.02
9903580,4222
9903590,4223
9903600,4228
9903610,4236.02
9903620,4223
9903630,4228
9903640,5045.06
9903650,5045.06
9903660,5045.06
9903670,4419.25
9903700,4072
9903710,4228
9903720,4220
9903730,4002
9903740,4231
9903750,3870
9903760,4033
9903770,3800
9903780,4433.01
9903790,4031
9903800,9832
9903810,4013
9903820,4013
9903830,4031
9903840,3760
9903850,3760
9903860,3760
9903870,3760
9903880,3760
9903890,3760
9903900,3760
9903920,4430.02
9903930,4013
9903940,4229
9903960,4031
9903980,4251.02
9904000,4226
9904010,4382.04
9904020,4415.03
9904030,4415.03
9904040,4445
9904060,4272
9904070,4273
9904080,4272
9904090,4105
9904100,4022
9904110,4011
9904120,4222
9904130,4272
9904140,4272
9904150,4287
9904160,4287
9904170,4287
9904180,4287
9904190,4340
9904200,4226
9904210,3891
9904230,3891
9904240,4204
9904250,4204
9904260,4204
9904270,4204
9904280,4220
9904290,4220
9904300,4220
9904350,4251.03
9904360,4076
9904380,4224
9904390,4323
9904400,4323
9904410,4323
9904420,4323
9904430,4031
9904440,4059.02
9904450,4008
9904460,4220
9904470,4229
9904480,4035.01
9904490,3860
9904500,5113.02
9904510,4061
9904530,4073
9904540,4088
9904550,4089
9904560,4095
9904570,4094
9904580,4093
9904590,4104
9904600,4093
9904610,4323
9904620,4326
9904630,4104
9904640,4094
9904650,4096
9904660,4085
9904670,4089
9904680,4087
9904690,4075
9904700,4074
9904710,4073
9904720,4376
9904730,4378
9904740,4366.02
9904750,4366.02
9904760,4337
9904770,4337
9904780,4337
9904790,4337
9904800,4337
9904810,4336
9904820,4332
9904830,4251.02
9904850,615
9904870,615
9904890,615
9904910,615
9904930,615
9904950,615
9904970,615
9904990,615
9905000,615
9905010,615
9905020,615
9905030,615
9905040,615
9905050,615
9905060,615
9905070,615
9905080,615
9905090,615
9905110,615
9905130,615
9905140,615
9905150,615
9905160,615
9905170,615
9905180,615
9905210,3750
9905220,3750
9905230,3730
9905240,3730
9905250,3730
9905260,3730
9905270,3730
9905280,615
9905290,3750
9905300,4220
9905310,4065
9905320,4327
9905330,4327
9905340,5116.08
9905350,4028
9905360,4003
9905370,4229
9905380,4229
9905410,4235
9905420,4235
9905430,4224
9905440,4010
9905450,4007
9905460,4010
9905470,4010
9905480,4010
9905490,4014
9905500,4016
9905510,4501.01
9905520,6084
9905530,6084
9905540,4415.03
9905550,4412
9905560,4403.34
9905570,4403.04
9905580,4403.04
9905590,4403.31
9905600,4403.31
9905610,4403.31
9905620,4403.31
9905630,4371.01
9905640,4371.01
9905650,4373
9905660,4383
9905670,4337
9905680,4332
9905690,4332
9905700,4331.02
9905710,4287
9905720,4287
9905730,4287
9905740,4287
9905750,3552
9905760,3730
9905770,3790
9905780,3810
9905790,4331.04
9905800,4415.03
9905810,4018
9905820,4022
9905830,4273
9905840,3860
9905850,3860
9905860,3810
9905870,4415.03
9905880,4415.03
9905890,4415.03
9905900,4415.03
9905910,4322
9905920,4066.01
9905930,4066.02
9905940,4064
9905950,4059.01
9905960,4422
9905970,4422
9905980,4419.27
9905990,4271
9906000,4029
9906010,4010
9906020,4251.02
9906030,4251.02
9906040,4251.02
9906050,4059.02
9906060,4059.01
9906070,4059.01
9906080,4059.02
9906090,3680.01
9906120,4326
9906130,4326
9906140,4322
9906150,4323
9906160,4323
9906170,4323
9906180,4322
9906190,4323
9906200,4093
9906210,4093
9906220,4093
9906230,4093
9906240,4094
9906250,4094
9906260,4094
9906270,4094
9906280,4095
9906290,4095
9906300,4089
9906310,4089
9906320,4089
9906330,4089
9906340,4088
9906350,4088
9906360,4088
9906370,4088
9906380,4088
9906390,4088
9906400,4073
9906410,4073
9906420,4073
9906430,4073
9906440,4073
9906450,4073
9906460,4062.02
9906470,4061
9906480,4062.01
9906490,4062.01
9906500,4059.01
9906510,4060
9906520,4059.02
9906530,4060
9906540,4060
9906550,4060
9906560,4326
9906570,4060
9906580,4053.02
9906590,4060
9906600,4053.02
9906610,4034
9906620,4033
9906630,4029
9906640,4028
9906650,4028
9906660,4030
9906670,4030
9906680,4030
9906690,4030
9906700,4030
9906710,4062.02
9906720,4061
9906730,4061
9906740,4061
9906750,4061
9906760,4061
9906770,4073
9906780,4073
9906800,5044.14
9906810,5045.04
9906840,4059.02
9906850,4060
9906860,4030
9906870,4033
9906880,615
9906890,5045.05
9906900,4031
9906910,4054.02
9906920,4074
9906930,4061
9906940,5045.04
9906950,5045.04
9906960,5045.04
9906970,5045.04
9906980,5045.04
9906990,5045.04
9907000,5045.04
9907010,5045.04
9907020,5045.04
9907030,5045.04
9907040,5044.14
9907050,4366.02
9907060,4336
9907070,4276
9907080,3922
9907090,3922
9907100,4030
9907110,4061
9907130,4060
9907190,4060
9907210,4060
9907310,4030
9907320,4061
9907330,4419.24
9907340,4419.24
9907350,4419.23
9907360,4053.02
9907380,4229
9907390,4028
9907400,4042
9907410,4042
9907420,4415.03
9907430,4287
9907440,4287
9907450,4287
9907460,4287
9907470,4423.01
9907480,4229
9907490,4417
9907500,4224
9907550,4423.02
9907560,4423.02
9907570,4423.01
9907580,4423.01
9907590,4423.01
9907600,4430.02
9907610,4415.03
9907630,4029
9907640,4090
9907650,4090
9907670,4418
9907680,4380
810003,3100
810019,3060.04
810026,3060.03
810035,3060.03
810042,3060.03
810057,3060.03
810061,3080.01
810074,3080.01
810088,3080.01
810100,3080.01
810116,3060.03
810128,3060.03
810137,3060.03
810144,3060.03
810159,3551.07
810163,3071.01
810171,3071.01
810192,3071.01
810205,3071.01
810214,3071.01
810222,3072.05
810233,3072.05
810246,3072.05
810251,3072.05
810267,3131.02
810280,3131.02
810298,3131.02
810308,3131.02
810312,3131.01
810320,3060.04
810331,3060.04
810349,3060.04
810354,3060.04
810365,3060.04
810396,3551.08
810401,3551.08
810417,3551.08
810429,3551.08
810438,3551.08
810440,3551.08
810455,3551.09
810464,3551.08
810472,3551.08
810486,3551.08
810493,3551.08
810504,3551.08
810515,3551.08
810527,3551.08
810543,3080.01
810558,3080.01
810562,3080.01
810570,3080.01
810589,3080.01
810591,3080.01
810602,3080.01
810618,3080.01
810625,3080.01
810639,3020.05
810641,3020.05
810656,3020.07
810660,3020.07
810673,3020.07
810687,3020.08
810706,3031.03
810710,3031.03
810723,3031.03
810734,3031.03
810747,3031.03
810752,3031.03
810768,3031.03
810775,3031.03
810781,3031.03
810907,3031.03
810911,3031.03
810924,3031.03
810930,3031.02
810948,3031.02
810953,3031.02
810969,3031.02
810976,3031.02
810982,3031.02
810995,3020.07
811004,3020.07
811027,3020.07
811036,3020.07
811043,3020.05
811058,3020.05
811101,3032.04
811140,3032.05
811223,3032.03
811234,3032.03
811247,3032.03
811252,3040.01
811268,3040.01
811275,3040.01
811281,3040.01
811299,3040.01
811309,3040.01
811313,3032.01
811321,3032.03
811332,3032.03
811345,3032.03
811366,3032.02
811378,3032.02
811384,3032.04
811397,3032.04
811402,3032.04
811418,3032.04
811425,3032.02
811439,3032.04
811441,3032.05
811456,3032.05
811460,3032.05
811473,3032.03
811487,3032.03
811494,3032.03
811500,3020.09
811516,3020.09
811528,3020.09
811537,3020.09
811544,3020.09
811559,3020.09
811563,3020.09
811571,3020.09
811585,3020.09
811592,3020.09
811603,3020.09
811619,3020.09
811626,3020.09
811635,3020.09
811642,3020.09
811657,3020.09
811674,3080.01
811690,3080.02
811707,3080.02
811711,3020.09
811730,3020.09
811748,3020.09
811753,3020.09
811769,3551.08
811776,3551.08
811782,3551.08
811795,3551.09
811805,3071.01
811814,3071.01
811822,3071.01
811833,3071.01
811846,3080.01
811851,3080.01
811879,3071.02
811880,3050
811898,3060.03
811908,3060.03
811912,3050
811920,3050
811949,3050
811954,3050
811965,3050
811983,3071.02
811996,3071.02
812006,3072.02
812010,3072.02
812023,3072.02
812034,3072.02
812047,3072.02
812052,3072.01
812068,3072.01
812075,3072.01
812081,3072.01
812109,3131.02
812113,3131.02
812121,3131.01
812132,3090
812145,3100
812166,3100
812178,3100
812184,3100
812197,3100
812204,3100
812215,3110
812227,3110
812243,3110
812262,3110
812270,3110
812289,3110
812291,3141.02
812301,3141.02
812317,3141.02
812364,3141.02
812372,3141.02
812386,3141.04
812408,3141.04
812412,3141.04
812431,3141.04
812483,3552
812505,3141.04
812514,3141.04
812522,3141.03
812533,3141.03
812546,3141.03
812551,3141.02
812567,3141.02
812579,3141.02
812580,3141.02
812598,3141.02
812624,3110
812630,3110
812648,3110
812653,3131.01
812669,3131.01
812676,3131.01
812682,3131.01
812695,3131.01
812719,3131.01
812735,3131.01
812742,3131.01
812761,3131.01
812774,3131.01
812788,3132.06
812790,3132.06
812800,3110
812816,3100
812828,3100
812837,3090
812844,3100
812859,3100
812863,3100
812871,3090
812885,3090
812892,3120
812902,3131.02
812925,3131.02
812939,3131.02
812956,3072.01
812960,3072.01
812987,3072.01
812994,3050
813017,3072.02
813029,3072.02
813038,3072.02
813040,3072.02
813055,3050
813064,3050
813072,3050
813086,3050
813093,3050
813103,3050
813119,3050
813135,3060.03
813157,3060.03
813161,3060.03
813174,3551.10
813188,3551.10
813208,3551.11
813212,3551.11
813220,3551.11
813249,3551.11
813254,3080.01
813265,3080.01
813296,3060.04
813306,3060.04
813323,3060.04
813347,3060.02
813352,3060.02
813436,3080.01
813443,3551.08
813462,3080.01
813470,3080.01
813489,3080.01
813491,3080.01
813502,3080.01
813518,3080.01
813525,3551.09
813539,3551.09
813541,3551.09
813556,3551.09
813560,3551.09
813587,3032.01
813594,3032.01
813600,3050
813628,3020.05
813637,3020.05
813644,3020.05
813659,3020.05
813663,3131.01
813692,3020.10
813709,3020.10
813713,3020.07
813721,3020.07
813732,3020.07
813745,3020.07
813750,3031.02
813766,3032.03
813778,3032.03
813784,3032.03
813797,3032.01
813807,3032.01
813811,3032.01
813824,3032.01
813830,3032.01
813848,3131.01
813853,3131.01
813895,3132.04
813905,3132.04
813933,3131.03
813979,3180
813998,3211.01
814069,3131.02
814244,3032.03
814259,3132.03
814263,3131.01
814271,3072.05
814285,3080.01
814292,3142
814302,3060.03
814318,3072.01
814325,3072.04
814421,3131.01
814445,3131.01
814450,3131.01
814466,3131.01
814484,3132.06
814497,3132.06
814506,3132.06
814510,3132.05
814523,3132.03
814534,3132.03
814547,3131.01
814552,3131.01
814568,3211.01
814575,3200.04
814599,3180
814608,3132.03
814612,3132.03
814727,3132.03
814736,3132.03
814743,3132.03
814758,3132.03
814762,3132.03
814770,3132.03
814791,3132.03
814801,3131.01
814817,3131.01
814829,3131.01
814840,3131.03
814855,3131.03
814903,3050
814919,3050
814961,3050
814988,3050
815008,3150
815012,3150
815016,3142
815031,3150
815054,3150
815083,3142
815096,3142
815110,3142
815123,3142
815134,3142
815147,3142
815168,3141.03
815199,3132.06
815201,3020.09
815272,3141.03
815286,3060.03
815293,3080.01
815319,3080.01
815335,3080.01
815342,3551.07
815357,3071.01
815361,3071.01
815374,3072.05
815388,3072.05
815390,3072.05
815414,3072.04
815422,3072.04
815433,3072.05
815446,3072.05
815451,3072.05
815467,3072.05
815479,3072.05
815480,3072.05
815498,3072.05
815507,3551.07
815511,3551.07
815524,3071.02
815530,3071.02
815553,3050
815569,3050
815576,3071.02
815582,3071.02
815595,3050
815609,3050
815613,3050
815621,3050
815632,3050
815645,3072.04
815650,3072.04
815666,3072.05
815678,3072.05
815684,3050
815697,3050
815700,3050
815716,3050
815728,3050
815737,3050
815744,3100
815759,3131.01
815825,3050
815856,3032.01
816013,3100
816021,3141.02
816045,3100
816050,3050
816066,3050
816078,3060.03
816084,3050
816097,3060.03
816130,3072.05
816202,3141.03
816218,3141.03
816225,3141.03
816239,3141.03
816241,3141.03
816256,3141.04
816260,3552
816273,3552
816287,3552
816294,3150
816304,3150
816327,3150
816336,3150
816343,3150
816358,3142
816370,3142
816391,3142
816406,3142
816410,3142
816423,3141.04
816434,3141.04
816447,3141.04
816452,3141.03
816481,3552
816520,3141.02
816531,3141.02
816549,3090
816554,3090
816565,3090
816577,3090
816583,3090
816596,3090
816605,3090
816633,3090
816667,3132.03
816679,3060.03
816680,3050
816698,3050
816701,3150
816717,3060.03
816740,3180
816819,3120
816826,3120
816835,3120
816842,3120
816857,3100
816861,3100
816874,3110
816971,3350
816992,3290
817028,3110
817037,3110
817044,3090
817059,3100
817063,3100
817118,3031.02
817139,3031.02
817141,3031.02
817156,3031.02
817160,3031.02
817187,3050
817194,3050
817211,3071.02
817224,3080.02
817230,3141.03
817248,3120
817253,3132.05
817269,3050
817282,3032.01
817295,3032.01
817305,3551.09
817314,3551.09
817322,3551.09
817333,3551.09
817346,3551.09
817351,3551.09
817367,3080.01
817379,3080.01
817380,3080.01
817398,3080.02
817403,3080.01
817419,3551.11
817426,3551.11
817435,3551.11
817442,3551.11
817457,3551.11
817461,3551.10
817474,3551.10
817488,3551.10
817490,3020.09
817501,3020.09
817517,3020.09
817529,3020.09
817540,3032.03
817555,3031.02
817604,3020.07
817615,3020.07
817627,3020.07
817636,3020.07
817658,3020.05
817662,3020.05
817731,3020.05
817749,3020.05
817754,3080.02
817765,3060.02
817777,3060.02
817783,3060.02
817796,3060.02
817806,3060.02
817810,3060.02
817823,3060.02
817847,3132.06
817875,3090
817881,3100
817899,3131.01
817932,3551.10
817945,3142
817950,3020.05
817966,3131.01
817978,3080.01
817984,3132.04
817997,3131.02
818328,3072.01
818371,3072.04
818385,3131.03
818392,3141.03
818407,3150
818411,3142
818424,3141.03
818430,3131.01
818469,3131.03
818668,3050
818675,3050
818681,3050
818718,3071.02
818741,3060.03
818756,3020.05
818760,3020.05
818787,3020.09
818843,3110
818858,3290
818889,3552
818901,3131.01
818929,3020.08
818938,3551.08
818955,3160
818964,3090
819018,3050
819025,3060.02
819039,3090
819073,3131.02
819087,3141.04
819094,3072.01
819104,3020.05
819115,3050
819127,3050
819136,3050
819143,3110
819158,3100
819162,3142
819170,3032.03
819191,3160
819209,3180
819213,3211.01
819221,3200.04
819245,3032.03
819250,3131.01
819266,3552
819278,3110
819284,3072.04
819297,3551.10
819307,3150
819324,3141.02
819330,3141.02
819348,3072.02
819353,3131.03
819369,3100
819382,3110
819395,3132.06
819400,3131.01
819437,3131.02
819444,3131.02
819574,3050
819617,3050
819629,3050
819638,3050
819640,3050
819655,3050
819767,3072.04
819798,3080.01
819812,3071.02
819820,3141.03
819940,3160
