ZIP_CODE_5,TRACTCE,GEOID
94060,120200,06087120200
94060,613800,06081613800
94038,603400,06081603400
94038,613600,06081613600
94038,613502,06081613502
94038,603200,06081603200
94038,613501,06081613501
94038,603300,06081603300
94044,614000,06081614000
94044,603400,06081603400
94044,613600,06081613600
94044,603100,06081603100
94044,601000,06081601000
94044,602500,06081602500
94044,602600,06081602600
94044,603700,06081603700
94044,603000,06081603000
94044,602900,06081602900
94044,602800,06081602800
94044,603200,06081603200
94044,613501,06081613501
94044,603300,06081603300
94044,602700,06081602700
94044,601502,06081601502
94044,601605,06081601605
94015,060400,06075060400
94015,600600,06081600600
94015,601100,06081601100
94015,601200,06081601200
94015,601601,06081601601
94015,031302,06075031302
94015,600700,06081600700
94015,600800,06081600800
94015,600900,06081600900
94015,601000,06081601000
94015,601700,06081601700
94015,601800,06081601800
94015,601300,06081601300
94015,602600,06081602600
94015,602900,06081602900
94015,602800,06081602800
94015,601400,06081601400
94015,601501,06081601501
94015,601502,06081601502
94015,601603,06081601603
94015,601604,06081601604
94015,601605,06081601605
94080,604102,06081604102
94080,601901,06081601901
94080,984300,06081984300
94080,601902,06081601902
94080,600100,06081600100
94080,601601,06081601601
94080,601700,06081601700
94080,601800,06081601800
94080,602000,06081602000
94080,602100,06081602100
94080,602200,06081602200
94080,602400,06081602400
94080,602500,06081602500
94080,602600,06081602600
94080,603700,06081603700
94080,602300,06081602300
94080,604200,06081604200
94080,601603,06081601603
94080,601605,06081601605
94132,026200,06075026200
94132,060400,06075060400
94132,030800,06075030800
94132,031201,06075031201
94132,033203,06075033203
94132,033204,06075033204
94132,031301,06075031301
94132,031302,06075031302
94132,600900,06081600900
94132,030900,06075030900
94132,031400,06075031400
94132,033000,06075033000
94132,033100,06075033100
94132,033201,06075033201
94132,035300,06075035300
94132,035400,06075035400
94116,060400,06075060400
94116,030102,06075030102
94116,030301,06075030301
94116,030302,06075030302
94116,030400,06075030400
94116,030500,06075030500
94116,030600,06075030600
94116,030800,06075030800
94116,032801,06075032801
94116,032802,06075032802
94116,032901,06075032901
94116,035100,06075035100
94116,032902,06075032902
94116,033000,06075033000
94116,033100,06075033100
94116,035201,06075035201
94116,035300,06075035300
94116,035400,06075035400
94127,030500,06075030500
94127,030600,06075030600
94127,030700,06075030700
94127,030800,06075030800
94127,031201,06075031201
94127,031301,06075031301
94127,030900,06075030900
94127,031100,06075031100
94127,031000,06075031000
94127,021700,06075021700
94014,061000,06075061000
94014,026200,06075026200
94014,026302,06075026302
94014,600402,06081600402
94014,601901,06081601901
94014,600401,06081600401
94014,026303,06075026303
94014,026403,06075026403
94014,026404,06075026404
94014,060502,06075060502
94014,600500,06081600500
94014,600100,06081600100
94014,600600,06081600600
94014,601601,06081601601
94014,031302,06075031302
94014,600700,06081600700
94014,600900,06081600900
94014,601700,06081601700
94014,601300,06081601300
94014,602000,06081602000
94014,600300,06081600300
94014,601604,06081601604
94014,600200,06081600200
94112,025500,06075025500
94112,025600,06075025600
94112,026002,06075026002
94112,026004,06075026004
94112,026100,06075026100
94112,026200,06075026200
94112,026301,06075026301
94112,026302,06075026302
94112,600401,06081600401
94112,026303,06075026303
94112,025701,06075025701
94112,031201,06075031201
94112,031202,06075031202
94112,025403,06075025403
94112,026001,06075026001
94112,026003,06075026003
94112,025401,06075025401
94112,060502,06075060502
94112,980501,06075980501
94112,031302,06075031302
94112,600700,06081600700
94112,600300,06081600300
94112,031100,06075031100
94112,031400,06075031400
94112,031000,06075031000
94131,025300,06075025300
94131,025500,06075025500
94131,020500,06075020500
94131,020401,06075020401
94131,030102,06075030102
94131,030500,06075030500
94131,030700,06075030700
94131,020402,06075020402
94131,025403,06075025403
94131,025401,06075025401
94131,031100,06075031100
94131,021000,06075021000
94131,021200,06075021200
94131,021300,06075021300
94131,021400,06075021400
94131,021500,06075021500
94131,021600,06075021600
94131,021700,06075021700
94131,021800,06075021800
94020,120500,06087120500
94020,613800,06081613800
94020,511707,06085511707
94074,613800,06081613800
94062,610900,06081610900
94062,611000,06081611000
94062,611200,06081611200
94062,611300,06081611300
94062,610203,06081610203
94062,613200,06081613200
94062,610202,06081610202
94062,613300,06081613300
94062,609900,06081609900
94062,610000,06081610000
94062,610100,06081610100
94062,611400,06081611400
94062,609603,06081609603
94062,613700,06081613700
94062,611100,06081611100
94062,613400,06081613400
94062,609700,06081609700
94062,609800,06081609800
94062,613800,06081613800
94062,511707,06085511707
94021,120200,06087120200
94021,613800,06081613800
94061,610700,06081610700
94061,610800,06081610800
94061,610900,06081610900
94061,611000,06081611000
94061,611200,06081611200
94061,611300,06081611300
94061,610203,06081610203
94061,610601,06081610601
94061,610202,06081610202
94061,613300,06081613300
94061,611400,06081611400
94061,611100,06081611100
94061,609800,06081609800
94028,613200,06081613200
94028,613000,06081613000
94028,613400,06081613400
94028,511707,06085511707
94028,511705,06085511705
94027,611300,06081611300
94027,611500,06081611500
94027,611600,06081611600
94027,610601,06081610601
94027,610602,06081610602
94027,613900,06081613900
94027,613300,06081613300
94027,612900,06081612900
94027,612500,06081612500
94027,612600,06081612600
94027,612700,06081612700
94027,612800,06081612800
94027,611400,06081611400
94027,613000,06081613000
94025,511200,06085511200
94025,511500,06085511500
94025,511302,06085511302
94025,511608,06085511608
94025,611700,06081611700
94025,611500,06081611500
94025,611600,06081611600
94025,612000,06081612000
94025,610400,06081610400
94025,610601,06081610601
94025,610602,06081610602
94025,613900,06081613900
94025,510700,06085510700
94025,613200,06081613200
94025,611800,06081611800
94025,613300,06081613300
94025,511701,06085511701
94025,612900,06081612900
94025,612100,06081612100
94025,612500,06081612500
94025,612600,06081612600
94025,612700,06081612700
94025,612800,06081612800
94025,611400,06081611400
94025,613000,06081613000
94025,610302,06081610302
94025,511707,06085511707
94025,511704,06085511704
94025,511609,06085511609
94025,510600,06085510600
94025,511705,06085511705
94304,511608,06085511608
94304,612700,06081612700
94304,612800,06081612800
94304,511609,06085511609
94304,513000,06085513000
94305,511500,06085511500
94305,511608,06085511608
94305,511609,06085511609
94305,511705,06085511705
94305,513000,06085513000
94019,603802,06081603802
94019,603400,06081603400
94019,613600,06081613600
94019,605600,06081605600
94019,604600,06081604600
94019,606900,06081606900
94019,613502,06081613502
94019,605700,06081605700
94019,609603,06081609603
94019,613700,06081613700
94019,604900,06081604900
94019,613400,06081613400
94019,613501,06081613501
94019,604700,06081604700
94019,605000,06081605000
94019,608900,06081608900
94019,613800,06081613800
94030,604101,06081604101
94030,604400,06081604400
94030,604800,06081604800
94030,605100,06081605100
94030,984300,06081984300
94030,603900,06081603900
94030,604600,06081604600
94030,604500,06081604500
94030,604900,06081604900
94030,604700,06081604700
94030,605000,06081605000
94030,604200,06081604200
94010,605300,06081605300
94010,605400,06081605400
94010,605500,06081605500
94010,605800,06081605800
94010,605900,06081605900
94010,605100,06081605100
94010,605200,06081605200
94010,606800,06081606800
94010,606000,06081606000
94010,606100,06081606100
94010,606400,06081606400
94010,605600,06081605600
94010,606500,06081606500
94010,606700,06081606700
94010,606900,06081606900
94010,605700,06081605700
94010,604900,06081604900
94010,613501,06081613501
94010,605000,06081605000
94402,605800,06081605800
94402,605900,06081605900
94402,606800,06081606800
94402,606200,06081606200
94402,606300,06081606300
94402,606400,06081606400
94402,605600,06081605600
94402,606500,06081606500
94402,606600,06081606600
94402,606700,06081606700
94402,606900,06081606900
94402,605700,06081605700
94402,607400,06081607400
94402,607500,06081607500
94402,607701,06081607701
94402,607702,06081607702
94402,607800,06081607800
94402,613700,06081613700
94402,607600,06081607600
94402,607000,06081607000
94402,613501,06081613501
94402,608900,06081608900
94402,608800,06081608800
94002,609100,06081609100
94002,610304,06081610304
94002,607100,06081607100
94002,607200,06081607200
94002,608501,06081608501
94002,608502,06081608502
94002,608600,06081608600
94002,608700,06081608700
94002,609000,06081609000
94002,608013,06081608013
94002,609603,06081609603
94002,613700,06081613700
94002,607000,06081607000
94002,609500,06081609500
94002,609601,06081609601
94002,608900,06081608900
94002,608800,06081608800
94403,607300,06081607300
94403,606600,06081606600
94403,606700,06081606700
94403,607100,06081607100
94403,607200,06081607200
94403,607400,06081607400
94403,607500,06081607500
94403,607800,06081607800
94403,607900,06081607900
94403,608023,06081608023
94403,608400,06081608400
94403,608501,06081608501
94403,608502,06081608502
94403,608600,06081608600
94403,608700,06081608700
94403,608013,06081608013
94403,607600,06081607600
94403,607000,06081607000
94403,608004,06081608004
94403,608800,06081608800
94401,605400,06081605400
94401,605900,06081605900
94401,606000,06081606000
94401,606100,06081606100
94401,606200,06081606200
94401,606300,06081606300
94401,606400,06081606400
94401,606600,06081606600
94401,607701,06081607701
94401,607702,06081607702
94401,607800,06081607800
94401,607900,06081607900
94401,607600,06081607600
94066,604000,06081604000
94066,604101,06081604101
94066,604102,06081604102
94066,604400,06081604400
94066,603802,06081603802
94066,614000,06081614000
94066,603801,06081603801
94066,984300,06081984300
94066,603900,06081603900
94066,603400,06081603400
94066,603100,06081603100
94066,604600,06081604600
94066,602400,06081602400
94066,602500,06081602500
94066,603700,06081603700
94066,602300,06081602300
94066,604500,06081604500
94066,613501,06081613501
94066,602700,06081602700
94066,604200,06081604200
94005,061000,06075061000
94005,600100,06081600100
94005,602000,06081602000
94005,602300,06081602300
94005,600300,06081600300
94005,600200,06081600200
94134,025600,06075025600
94134,025800,06075025800
94134,025900,06075025900
94134,026002,06075026002
94134,061000,06075061000
94134,026401,06075026401
94134,026402,06075026402
94134,026403,06075026403
94134,025701,06075025701
94134,025702,06075025702
94134,023300,06075023300
94134,026404,06075026404
94134,060502,06075060502
94134,980501,06075980501
94134,600100,06081600100
94134,600200,06081600200
94134,023001,06075023001
94124,061000,06075061000
94124,980900,06075980900
94124,061200,06075061200
94124,023102,06075023102
94124,023200,06075023200
94124,023300,06075023300
94124,017902,06075017902
94124,023103,06075023103
94124,980600,06075980600
94124,023400,06075023400
94124,025100,06075025100
94124,022600,06075022600
94124,023001,06075023001
94124,023003,06075023003
94070,609201,06081609201
94070,609202,06081609202
94070,609100,06081609100
94070,610304,06081610304
94070,610202,06081610202
94070,609000,06081609000
94070,609300,06081609300
94070,609900,06081609900
94070,610000,06081610000
94070,610100,06081610100
94070,609603,06081609603
94070,609602,06081609602
94070,613700,06081613700
94070,610302,06081610302
94070,613400,06081613400
94070,609700,06081609700
94070,609500,06081609500
94070,609601,06081609601
94070,608900,06081608900
94070,609800,06081609800
94070,609400,06081609400
94065,610303,06081610303
94065,610304,06081610304
94065,608013,06081608013
94065,610302,06081610302
94404,610303,06081610303
94404,610304,06081610304
94404,606100,06081606100
94404,608100,06081608100
94404,607800,06081607800
94404,607900,06081607900
94404,608002,06081608002
94404,608023,06081608023
94404,608200,06081608200
94404,608300,06081608300
94404,608400,06081608400
94404,608600,06081608600
94404,608013,06081608013
94404,608004,06081608004
94404,610302,06081610302
94404,608001,06081608001
94063,611700,06081611700
94063,610700,06081610700
94063,611600,06081611600
94063,610203,06081610203
94063,610400,06081610400
94063,610500,06081610500
94063,610601,06081610601
94063,610602,06081610602
94063,609100,06081609100
94063,610202,06081610202
94063,610100,06081610100
94063,610201,06081610201
94063,610302,06081610302
94621,408400,06001408400
94621,408500,06001408500
94621,408600,06001408600
94621,408700,06001408700
94621,408800,06001408800
94621,408900,06001408900
94621,409400,06001409400
94621,409500,06001409500
94621,409600,06001409600
94621,409700,06001409700
94621,407300,06001407300
94621,409000,06001409000
94621,407500,06001407500
94621,432400,06001432400
94577,432600,06001432600
94577,432501,06001432501
94577,433104,06001433104
94577,409200,06001409200
94577,410400,06001410400
94577,432100,06001432100
94577,430400,06001430400
94577,410000,06001410000
94577,432800,06001432800
94577,409000,06001409000
94577,433000,06001433000
94577,433200,06001433200
94577,433300,06001433300
94577,433400,06001433400
94577,433500,06001433500
94577,432200,06001432200
94577,432300,06001432300
94577,432700,06001432700
94577,432502,06001432502
94577,432400,06001432400
94603,409100,06001409100
94603,409200,06001409200
94603,409300,06001409300
94603,409400,06001409400
94603,409600,06001409600
94603,409700,06001409700
94603,410100,06001410100
94603,410200,06001410200
94603,410400,06001410400
94603,432100,06001432100
94603,409000,06001409000
94603,409800,06001409800
94603,410300,06001410300
94603,432200,06001432200
94603,432300,06001432300
94603,432502,06001432502
94603,432400,06001432400
95030,511911,06085511911
95030,506801,06085506801
95030,506502,06085506502
95030,507206,06085507206
95030,507002,06085507002
95030,120600,06087120600
95030,122002,06087122002
95030,121000,06087121000
95030,122001,06087122001
95030,122400,06087122400
95030,120301,06087120301
95030,120500,06087120500
95030,121100,06087121100
95030,506701,06085506701
95030,506703,06085506703
95030,511800,06085511800
95030,507302,06085507302
95030,502702,06085502702
95030,512200,06085512200
95030,507203,06085507203
95030,507001,06085507001
95030,507100,06085507100
95030,511909,06085511909
95030,507205,06085507205
95030,613800,06081613800
95030,511707,06085511707
95032,506801,06085506801
95032,506802,06085506802
95032,507002,06085507002
95032,506900,06085506900
95032,506803,06085506803
95032,506804,06085506804
95032,511800,06085511800
95032,502702,06085502702
95032,507001,06085507001
95032,511909,06085511909
95120,511911,06085511911
95120,511913,06085511913
95120,512031,06085512031
95120,512052,06085512052
95120,512047,06085512047
95120,511915,06085511915
95120,512045,06085512045
95120,511916,06085511916
95120,511910,06085511910
95120,506900,06085506900
95120,512030,06085512030
95120,511905,06085511905
95120,511907,06085511907
95120,511912,06085511912
95120,511800,06085511800
95120,511914,06085511914
95120,512200,06085512200
95120,511909,06085511909
95120,512100,06085512100
95120,512053,06085512053
95141,511911,06085511911
95141,512200,06085512200
95141,512100,06085512100
95013,511911,06085511911
95013,512035,06085512035
95013,512038,06085512038
95013,513500,06085513500
95013,512100,06085512100
95014,507600,06085507600
95014,508003,06085508003
95014,120500,06087120500
95014,508004,06085508004
95014,508102,06085508102
95014,508202,06085508202
95014,508203,06085508203
95014,507806,06085507806
95014,507807,06085507807
95014,507808,06085507808
95014,506203,06085506203
95014,506204,06085506204
95014,507903,06085507903
95014,507905,06085507905
95014,507906,06085507906
95014,508001,06085508001
95014,508101,06085508101
95014,613200,06081613200
95014,507701,06085507701
95014,507703,06085507703
95014,508304,06085508304
95014,507401,06085507401
95014,507805,06085507805
95014,507702,06085507702
95014,613800,06081613800
95014,511707,06085511707
95070,507600,06085507600
95070,507206,06085507206
95070,506202,06085506202
95070,507301,06085507301
95070,120500,06087120500
95070,506701,06085506701
95070,507808,06085507808
95070,507904,06085507904
95070,506601,06085506601
95070,511800,06085511800
95070,507302,06085507302
95070,507500,06085507500
95070,507001,06085507001
95070,506604,06085506604
95070,507401,06085507401
95070,507702,06085507702
95070,507402,06085507402
95070,507205,06085507205
95070,511707,06085511707
94024,509801,06085509801
94024,508301,06085508301
94024,508401,06085508401
94024,511702,06085511702
94024,509901,06085509901
94024,509902,06085509902
94024,507701,06085507701
94024,511701,06085511701
94024,507703,06085507703
94024,507805,06085507805
94024,510200,06085510200
94024,510001,06085510001
94024,510002,06085510002
94024,510100,06085510100
94024,511707,06085511707
94024,511704,06085511704
94087,508508,06085508508
94087,508507,06085508507
94087,508102,06085508102
94087,508202,06085508202
94087,508203,06085508203
94087,508204,06085508204
94087,508504,06085508504
94087,508505,06085508505
94087,508601,06085508601
94087,505403,06085505403
94087,507806,06085507806
94087,508301,06085508301
94087,508303,06085508303
94087,506101,06085506101
94087,508401,06085508401
94087,508404,06085508404
94087,508503,06085508503
94087,508101,06085508101
94087,509106,06085509106
94087,508602,06085508602
94087,508403,06085508403
94087,509107,06085509107
94087,508304,06085508304
94087,507805,06085507805
94087,510001,06085510001
94022,509801,06085509801
94022,510500,06085510500
94022,510300,06085510300
94022,510400,06085510400
94022,509401,06085509401
94022,509403,06085509403
94022,509404,06085509404
94022,511701,06085511701
94022,510200,06085510200
94022,511707,06085511707
94022,511704,06085511704
94022,511705,06085511705
94306,510500,06085510500
94306,511500,06085511500
94306,510700,06085510700
94306,510801,06085510801
94306,510802,06085510802
94306,510803,06085510803
94306,510900,06085510900
94306,511000,06085511000
94306,511400,06085511400
94306,509302,06085509302
94306,509304,06085509304
94306,509401,06085509401
94306,511701,06085511701
94306,510600,06085510600
94306,511705,06085511705
94301,511200,06085511200
94301,511500,06085511500
94301,511302,06085511302
94301,613900,06081613900
94301,511301,06085511301
94301,510900,06085510900
94301,511000,06085511000
94301,511100,06085511100
94301,511400,06085511400
94301,612100,06081612100
94301,612500,06081612500
94301,612600,06081612600
94301,511609,06085511609
94303,511200,06085511200
94303,612000,06081612000
94303,510801,06085510801
94303,510803,06085510803
94303,511000,06085511000
94303,511100,06085511100
94303,509304,06085509304
94303,611800,06081611800
94303,504601,06085504601
94303,612100,06081612100
94303,611900,06081611900
94040,509801,06085509801
94040,508401,06085508401
94040,510400,06085510400
94040,509105,06085509105
94040,510802,06085510802
94040,509202,06085509202
94040,509302,06085509302
94040,509303,06085509303
94040,509401,06085509401
94040,509403,06085509403
94040,509404,06085509404
94040,509500,06085509500
94040,509600,06085509600
94040,509700,06085509700
94040,509802,06085509802
94040,509901,06085509901
94040,509902,06085509902
94040,509107,06085509107
94040,510200,06085510200
94040,510001,06085510001
94041,509105,06085509105
94041,509106,06085509106
94041,509109,06085509109
94041,509201,06085509201
94041,509202,06085509202
94041,509500,06085509500
94041,509600,06085509600
94041,509700,06085509700
94041,509107,06085509107
94041,509102,06085509102
94043,504602,06085504602
94043,504803,06085504803
94043,509108,06085509108
94043,509109,06085509109
94043,509201,06085509201
94043,509202,06085509202
94043,509302,06085509302
94043,509303,06085509303
94043,509304,06085509304
94043,504700,06085504700
94043,504601,06085504601
94043,509102,06085509102
94035,504602,06085504602
94035,504700,06085504700
94035,504601,06085504601
95130,506606,06085506606
95130,506701,06085506701
95130,506501,06085506501
95130,506601,06085506601
95130,506603,06085506603
95130,506605,06085506605
95130,506604,06085506604
95130,507402,06085507402
95129,506202,06085506202
95129,508004,06085508004
95129,507807,06085507807
95129,507808,06085507808
95129,506203,06085506203
95129,506204,06085506204
95129,506301,06085506301
95129,507903,06085507903
95129,507904,06085507904
95129,507905,06085507905
95129,506304,06085506304
95129,506305,06085506305
95129,507906,06085507906
95129,508001,06085508001
95129,506601,06085506601
95129,506604,06085506604
95129,507401,06085507401
95129,507402,06085507402
95051,505202,06085505202
95051,508507,06085508507
95051,508004,06085508004
95051,508102,06085508102
95051,508202,06085508202
95051,505301,06085505301
95051,505302,06085505302
95051,505304,06085505304
95051,505305,06085505305
95051,505401,06085505401
95051,505402,06085505402
95051,505403,06085505403
95051,505500,06085505500
95051,505900,06085505900
95051,506000,06085506000
95051,506101,06085506101
95051,506102,06085506102
95051,506103,06085506103
95051,506203,06085506203
95051,506301,06085506301
95051,508704,06085508704
95051,505303,06085505303
95008,506502,06085506502
95008,502902,06085502902
95008,502601,06085502601
95008,502604,06085502604
95008,502901,06085502901
95008,506606,06085506606
95008,506701,06085506701
95008,506702,06085506702
95008,506703,06085506703
95008,506402,06085506402
95008,506501,06085506501
95008,506503,06085506503
95008,506601,06085506601
95008,506603,06085506603
95008,506605,06085506605
95008,502702,06085502702
95008,507203,06085507203
95008,506604,06085506604
95008,502603,06085502603
95008,502101,06085502101
95008,502201,06085502201
95008,502202,06085502202
95008,502701,06085502701
95008,507205,06085507205
95124,511913,06085511913
95124,502902,06085502902
95124,506802,06085506802
95124,502901,06085502901
95124,511916,06085511916
95124,506900,06085506900
95124,506803,06085506803
95124,506804,06085506804
95124,502908,06085502908
95124,502909,06085502909
95124,502702,06085502702
95124,502603,06085502603
95124,502701,06085502701
95124,502800,06085502800
95124,502903,06085502903
95124,502906,06085502906
95124,511909,06085511909
95124,502907,06085502907
95117,506302,06085506302
95117,505800,06085505800
95117,505900,06085505900
95117,506301,06085506301
95117,506304,06085506304
95117,506305,06085506305
95117,506401,06085506401
95117,506402,06085506402
95117,506501,06085506501
95117,506601,06085506601
95117,506605,06085506605
95128,505700,06085505700
95128,505800,06085505800
95128,506401,06085506401
95128,506402,06085506402
95128,501900,06085501900
95128,502001,06085502001
95128,502002,06085502002
95128,502101,06085502101
95128,502102,06085502102
95128,502201,06085502201
95128,502202,06085502202
95128,500500,06085500500
95050,505202,06085505202
95050,505006,06085505006
95050,505700,06085505700
95050,505007,06085505007
95050,505203,06085505203
95050,505302,06085505302
95050,505500,06085505500
95050,505600,06085505600
95050,505800,06085505800
95050,505900,06085505900
95050,506000,06085506000
95050,505303,06085505303
95050,500500,06085500500
95050,505100,06085505100
95126,500800,06085500800
95126,502302,06085502302
95126,505700,06085505700
95126,501700,06085501700
95126,505203,06085505203
95126,505800,06085505800
95126,500300,06085500300
95126,500400,06085500400
95126,500600,06085500600
95126,501900,06085501900
95126,501800,06085501800
95126,502002,06085502002
95126,502102,06085502102
95126,502201,06085502201
95126,502202,06085502202
95126,500500,06085500500
95126,505100,06085505100
95110,503112,06085503112
95110,505202,06085505202
95110,503113,06085503113
95110,500800,06085500800
95110,501101,06085501101
95110,503122,06085503122
95110,503121,06085503121
95110,505006,06085505006
95110,501700,06085501700
95110,505203,06085505203
95110,500200,06085500200
95110,500300,06085500300
95110,500901,06085500901
95110,501000,06085501000
95110,501900,06085501900
95110,501800,06085501800
95110,501600,06085501600
95110,502400,06085502400
95110,505100,06085505100
94086,505202,06085505202
94086,508508,06085508508
94086,508507,06085508507
94086,505001,06085505001
94086,508202,06085508202
94086,508504,06085508504
94086,508505,06085508505
94086,504802,06085504802
94086,504803,06085504803
94086,505301,06085505301
94086,505305,06085505305
94086,508601,06085508601
94086,508404,06085508404
94086,509106,06085509106
94086,509109,06085509109
94086,508602,06085508602
94086,508704,06085508704
94086,509107,06085509107
94086,508703,06085508703
94086,508900,06085508900
94086,509000,06085509000
94086,509102,06085509102
94086,508800,06085508800
95054,505202,06085505202
95054,505006,06085505006
95054,505008,06085505008
95054,505009,06085505009
95054,504602,06085504602
95054,505001,06085505001
95054,504901,06085504901
95054,505007,06085505007
95054,505100,06085505100
94089,504602,06085504602
94089,505001,06085505001
94089,504805,06085504805
94089,504806,06085504806
94089,504802,06085504802
94089,504803,06085504803
94089,508704,06085508704
94089,504700,06085504700
94089,508900,06085508900
94089,509000,06085509000
95002,505009,06085505009
95002,504602,06085504602
95131,504323,06085504323
95131,504322,06085504322
95131,505006,06085505006
95131,504316,06085504316
95131,504317,06085504317
95131,504319,06085504319
95131,504321,06085504321
95131,504307,06085504307
95131,504318,06085504318
95131,504311,06085504311
95131,504505,06085504505
95131,505100,06085505100
95134,505006,06085505006
95134,505008,06085505008
95134,505009,06085505009
95134,504602,06085504602
95134,505001,06085505001
95134,504901,06085504901
95134,505007,06085505007
95134,441503,06001441503
94560,441601,06001441601
94560,441602,06001441602
94560,444602,06001444602
94560,444301,06001444301
94560,444302,06001444302
94560,444601,06001444601
94560,441524,06001441524
94560,441503,06001441503
94560,441700,06001441700
94560,444100,06001444100
94560,444200,06001444200
94560,444400,06001444400
94560,444500,06001444500
94560,442700,06001442700
94560,442800,06001442800
94560,442900,06001442900
94555,441402,06001441402
94555,441501,06001441501
94555,441521,06001441521
94555,441522,06001441522
94555,441601,06001441601
94555,437101,06001437101
94555,444302,06001444302
94555,441524,06001441524
94555,441523,06001441523
94555,441503,06001441503
94555,440306,06001440306
94555,440332,06001440332
94555,440307,06001440307
94555,440308,06001440308
94555,441302,06001441302
94555,440305,06001440305
94555,441401,06001441401
94555,444100,06001444100
94587,441402,06001441402
94587,441501,06001441501
94587,441521,06001441521
94587,441522,06001441522
94587,437101,06001437101
94587,438203,06001438203
94587,435104,06001435104
94587,440336,06001440336
94587,440333,06001440333
94587,435103,06001435103
94587,440334,06001440334
94587,440335,06001440335
94587,441503,06001441503
94587,438000,06001438000
94587,440306,06001440306
94587,441100,06001441100
94587,440301,06001440301
94587,440332,06001440332
94587,440100,06001440100
94587,440307,06001440307
94587,440308,06001440308
94587,441200,06001441200
94587,441301,06001441301
94587,441302,06001441302
94587,440331,06001440331
94587,438100,06001438100
94587,440200,06001440200
94587,440304,06001440304
94587,440305,06001440305
94580,435602,06001435602
94580,437101,06001437101
94580,435700,06001435700
94580,433700,06001433700
94580,433200,06001433200
94580,433400,06001433400
94580,433800,06001433800
94580,433900,06001433900
94580,434000,06001434000
94580,435800,06001435800
94580,435900,06001435900
94580,436000,06001436000
94580,436100,06001436100
94580,435601,06001435601
94545,437101,06001437101
94545,438203,06001438203
94545,440333,06001440333
94545,438300,06001438300
94545,440331,06001440331
94545,436000,06001436000
94545,436700,06001436700
94545,436800,06001436800
94545,436900,06001436900
94545,437000,06001437000
94545,437200,06001437200
94545,437300,06001437300
94545,437400,06001437400
94545,437600,06001437600
94545,438201,06001438201
94545,438400,06001438400
94545,437102,06001437102
94579,433600,06001433600
94579,435700,06001435700
94579,433700,06001433700
94579,433200,06001433200
94579,433300,06001433300
94579,433400,06001433400
94579,433500,06001433500
94579,435800,06001435800
94579,435900,06001435900
94578,433104,06001433104
94578,430400,06001430400
94578,432800,06001432800
94578,433700,06001433700
94578,430500,06001430500
94578,430600,06001430600
94578,433000,06001433000
94578,433200,06001433200
94578,433102,06001433102
94578,433800,06001433800
94578,433900,06001433900
94578,434000,06001434000
94578,433103,06001433103
94541,435602,06001435602
94541,437101,06001437101
94541,435103,06001435103
94541,436601,06001436601
94541,435400,06001435400
94541,435300,06001435300
94541,435700,06001435700
94541,433700,06001433700
94541,430500,06001430500
94541,436402,06001436402
94541,431100,06001431100
94541,435200,06001435200
94541,431200,06001431200
94541,436500,06001436500
94541,434000,06001434000
94541,435500,06001435500
94541,436100,06001436100
94541,436200,06001436200
94541,436300,06001436300
94541,436401,06001436401
94541,436700,06001436700
94541,436800,06001436800
94541,436900,06001436900
94541,437000,06001437000
94541,435601,06001435601
94544,438203,06001438203
94544,435104,06001435104
94544,438204,06001438204
94544,440333,06001440333
94544,435103,06001435103
94544,437702,06001437702
94544,436601,06001436601
94544,438000,06001438000
94544,437500,06001437500
94544,440301,06001440301
94544,435102,06001435102
94544,436500,06001436500
94544,440100,06001440100
94544,436300,06001436300
94544,436401,06001436401
94544,436602,06001436602
94544,436700,06001436700
94544,436800,06001436800
94544,437400,06001437400
94544,437600,06001437600
94544,437900,06001437900
94544,438100,06001438100
94544,438201,06001438201
94544,437800,06001437800
94544,437701,06001437701
94542,435104,06001435104
94542,435103,06001435103
94542,436402,06001436402
94542,435102,06001435102
94542,436500,06001436500
94542,440100,06001440100
94542,436401,06001436401
94546,430101,06001430101
94546,430102,06001430102
94546,430900,06001430900
94546,431000,06001431000
94546,430300,06001430300
94546,430400,06001430400
94546,430700,06001430700
94546,430200,06001430200
94546,432800,06001432800
94546,435400,06001435400
94546,435300,06001435300
94546,433700,06001433700
94546,430500,06001430500
94546,431100,06001431100
94546,435200,06001435200
94546,430600,06001430600
94546,431200,06001431200
94546,430800,06001430800
94552,345203,06013345203
94552,450502,06001450502
94552,430101,06001430101
94552,430102,06001430102
94552,345115,06013345115
94552,435103,06001435103
94552,345202,06013345202
94552,352102,06013352102
94552,352202,06013352202
94552,430300,06001430300
94552,430400,06001430400
94552,430200,06001430200
94552,432800,06001432800
94552,450701,06001450701
94552,450601,06001450601
94552,441100,06001441100
94552,408100,06001408100
94552,435200,06001435200
94552,435102,06001435102
94552,430800,06001430800
94552,440100,06001440100
94552,408000,06001408000
94538,441921,06001441921
94538,441923,06001441923
94538,442100,06001442100
94538,442400,06001442400
94538,442500,06001442500
94538,444602,06001444602
94538,442302,06001442302
94538,504602,06085504602
94538,444302,06001444302
94538,441925,06001441925
94538,441927,06001441927
94538,441926,06001441926
94538,442301,06001442301
94538,504506,06085504506
94538,441503,06001441503
94538,442200,06001442200
94538,442800,06001442800
94538,442900,06001442900
94538,443001,06001443001
94538,443002,06001443002
94536,441601,06001441601
94536,441602,06001441602
94536,441800,06001441800
94536,441923,06001441923
94536,442500,06001442500
94536,441925,06001441925
94536,440336,06001440336
94536,442601,06001442601
94536,442602,06001442602
94536,435103,06001435103
94536,450701,06001450701
94536,442000,06001442000
94536,441100,06001441100
94536,441924,06001441924
94536,440100,06001440100
94536,441200,06001441200
94536,441301,06001441301
94536,441302,06001441302
94536,441700,06001441700
94536,442700,06001442700
94536,442800,06001442800
94539,442100,06001442100
94539,443105,06001443105
94539,443321,06001443321
94539,442302,06001442302
94539,441925,06001441925
94539,443104,06001443104
94539,443322,06001443322
94539,435103,06001435103
94539,504420,06085504420
94539,504506,06085504506
94539,441503,06001441503
94539,504422,06085504422
94539,450701,06001450701
94539,442000,06001442000
94539,441100,06001441100
94539,442200,06001442200
94539,443200,06001443200
94539,443103,06001443103
94539,443102,06001443102
94539,443301,06001443301
94568,450603,06001450603
94568,450502,06001450502
94568,450752,06001450752
94568,450102,06001450102
94568,345115,06013345115
94568,450501,06001450501
94568,450602,06001450602
94568,450601,06001450601
94568,450400,06001450400
94568,450743,06001450743
94568,450744,06001450744
94568,450101,06001450101
94568,450200,06001450200
94568,450300,06001450300
95118,511913,06085511913
95118,512052,06085512052
95118,511915,06085511915
95118,511916,06085511916
95118,512024,06085512024
95118,512027,06085512027
95118,512005,06085512005
95118,502908,06085502908
95118,502909,06085502909
95118,502910,06085502910
95118,503002,06085503002
95118,503003,06085503003
95118,511914,06085511914
95118,502903,06085502903
95118,502906,06085502906
95118,502907,06085502907
95136,512043,06085512043
95136,512042,06085512042
95136,512024,06085512024
95136,512025,06085512025
95136,512026,06085512026
95136,512027,06085512027
95136,512005,06085512005
95136,503116,06085503116
95136,503204,06085503204
95136,512017,06085512017
95136,503002,06085503002
95136,503003,06085503003
95136,503115,06085503115
95136,503218,06085503218
95136,512019,06085512019
95136,512020,06085512020
95136,512021,06085512021
95136,512022,06085512022
95136,512023,06085512023
95136,503108,06085503108
95125,502500,06085502500
95125,502902,06085502902
95125,502601,06085502601
95125,502302,06085502302
95125,503122,06085503122
95125,503121,06085503121
95125,502301,06085502301
95125,501700,06085501700
95125,503123,06085503123
95125,503001,06085503001
95125,503002,06085503002
95125,503003,06085503003
95125,503115,06085503115
95125,501800,06085501800
95125,502603,06085502603
95125,502202,06085502202
95125,502903,06085502903
95125,502400,06085502400
95125,503108,06085503108
95113,500800,06085500800
95113,501700,06085501700
95113,500200,06085500200
95113,500901,06085500901
95113,500902,06085500902
95113,501000,06085501000
95113,501600,06085501600
95112,503112,06085503112
95112,501102,06085501102
95112,501101,06085501101
95112,503122,06085503122
95112,503121,06085503121
95112,505006,06085505006
95112,504319,06085504319
95112,503601,06085503601
95112,500100,06085500100
95112,500200,06085500200
95112,500901,06085500901
95112,500902,06085500902
95112,501000,06085501000
95112,504318,06085504318
95112,501200,06085501200
95112,501300,06085501300
95112,501401,06085501401
95112,503105,06085503105
95112,503212,06085503212
95112,503213,06085503213
95112,503214,06085503214
95112,504311,06085504311
95112,501502,06085501502
95112,501600,06085501600
95112,501402,06085501402
95112,505100,06085505100
95116,503713,06085503713
95116,503506,06085503506
95116,503510,06085503510
95116,503601,06085503601
95116,503602,06085503602
95116,503703,06085503703
95116,503712,06085503712
95116,503507,06085503507
95116,503903,06085503903
95116,503504,06085503504
95116,501300,06085501300
95116,501401,06085501401
95116,503707,06085503707
95116,504001,06085504001
95116,504002,06085504002
95116,501501,06085501501
95116,501502,06085501502
95116,501600,06085501600
95116,501402,06085501402
95116,503710,06085503710
95116,503711,06085503711
95122,503111,06085503111
95122,503122,06085503122
95122,503118,06085503118
95122,503117,06085503117
95122,503506,06085503506
95122,503510,06085503510
95122,503511,06085503511
95122,503602,06085503602
95122,503703,06085503703
95122,503401,06085503401
95122,503402,06085503402
95122,503507,06085503507
95122,503211,06085503211
95122,503504,06085503504
95122,503105,06085503105
95122,503212,06085503212
95122,503304,06085503304
95122,503305,06085503305
95122,503306,06085503306
95122,503315,06085503315
95122,503321,06085503321
95122,501501,06085501501
95122,501502,06085501502
95122,503110,06085503110
95122,503711,06085503711
95123,511911,06085511911
95123,512031,06085512031
95123,512052,06085512052
95123,512047,06085512047
95123,512043,06085512043
95123,512038,06085512038
95123,512045,06085512045
95123,512037,06085512037
95123,512036,06085512036
95123,512032,06085512032
95123,512033,06085512033
95123,512039,06085512039
95123,512024,06085512024
95123,512025,06085512025
95123,512026,06085512026
95123,512027,06085512027
95123,512029,06085512029
95123,512030,06085512030
95123,512021,06085512021
95123,512022,06085512022
95123,512023,06085512023
95123,512053,06085512053
95111,503122,06085503122
95111,503121,06085503121
95111,512043,06085512043
95111,512001,06085512001
95111,512042,06085512042
95111,512039,06085512039
95111,503204,06085503204
95111,512017,06085512017
95111,503207,06085503207
95111,503208,06085503208
95111,503210,06085503210
95111,503115,06085503115
95111,503212,06085503212
95111,503213,06085503213
95111,503214,06085503214
95111,503217,06085503217
95111,503218,06085503218
95111,503334,06085503334
95119,511911,06085511911
95119,512035,06085512035
95119,512031,06085512031
95119,512038,06085512038
95119,512032,06085512032
95119,512033,06085512033
95119,512039,06085512039
95119,512034,06085512034
95119,512100,06085512100
95139,512035,06085512035
95139,512038,06085512038
95139,512034,06085512034
95139,512100,06085512100
95121,503337,06085503337
95121,503329,06085503329
95121,512001,06085512001
95121,503327,06085503327
95121,503333,06085503333
95121,513500,06085513500
95121,503207,06085503207
95121,503210,06085503210
95121,503211,06085503211
95121,503212,06085503212
95121,503304,06085503304
95121,503305,06085503305
95121,503315,06085503315
95121,503336,06085503336
95121,503334,06085503334
95121,503332,06085503332
95121,503330,06085503330
95121,503331,06085503331
95148,504202,06085504202
95148,503329,06085503329
95148,503506,06085503506
95148,503326,06085503326
95148,503327,06085503327
95148,503324,06085503324
95148,503509,06085503509
95148,503511,06085503511
95148,503325,06085503325
95148,513500,06085513500
95148,503322,06085503322
95148,503306,06085503306
95148,503313,06085503313
95148,503315,06085503315
95148,503323,06085503323
95148,503321,06085503321
95148,503336,06085503336
95148,503312,06085503312
95148,503330,06085503330
95133,503803,06085503803
95133,501102,06085501102
95133,503713,06085503713
95133,504317,06085504317
95133,504319,06085504319
95133,503601,06085503601
95133,503712,06085503712
95133,503708,06085503708
95133,503903,06085503903
95133,500100,06085500100
95133,504307,06085504307
95133,504318,06085504318
95133,503802,06085503802
95133,503707,06085503707
95133,503709,06085503709
95133,503804,06085503804
95133,504311,06085504311
95035,504308,06085504308
95035,504323,06085504323
95035,504322,06085504322
95035,505006,06085505006
95035,505009,06085505009
95035,504602,06085504602
95035,504420,06085504420
95035,504410,06085504410
95035,504411,06085504411
95035,504506,06085504506
95035,504507,06085504507
95035,504412,06085504412
95035,504413,06085504413
95035,504414,06085504414
95035,504415,06085504415
95035,504416,06085504416
95035,504418,06085504418
95035,504421,06085504421
95035,504422,06085504422
95035,450701,06001450701
95035,443200,06001443200
95035,513500,06085513500
95035,504318,06085504318
95035,504504,06085504504
95035,504505,06085504505
95035,504423,06085504423
95035,504417,06085504417
95132,504308,06085504308
95132,504202,06085504202
95132,504201,06085504201
95132,503803,06085503803
95132,504323,06085504323
95132,504320,06085504320
95132,504321,06085504321
95132,504410,06085504410
95132,504411,06085504411
95132,504415,06085504415
95132,504416,06085504416
95132,513500,06085513500
95132,504307,06085504307
95132,503802,06085503802
95132,504314,06085504314
95132,504315,06085504315
95132,504504,06085504504
95132,504505,06085504505
95132,504417,06085504417
95127,504308,06085504308
95127,504202,06085504202
95127,504201,06085504201
95127,503803,06085503803
95127,503902,06085503902
95127,503509,06085503509
95127,503510,06085503510
95127,503511,06085503511
95127,503903,06085503903
95127,513500,06085513500
95127,503802,06085503802
95127,503322,06085503322
95127,503508,06085503508
95127,503804,06085503804
95127,504001,06085504001
95127,504101,06085504101
95127,504102,06085504102
95127,503312,06085503312
95138,512038,06085512038
95138,512001,06085512001
95138,512039,06085512039
95138,513500,06085513500
95138,512100,06085512100
95138,503334,06085503334
95135,503329,06085503329
95135,503326,06085503326
95135,503327,06085503327
95135,513500,06085513500
95135,503312,06085503312
95135,503334,06085503334
95135,503332,06085503332
95135,503330,06085503330
95135,503331,06085503331
94586,435103,06001435103
94586,504420,06085504420
94586,450701,06001450701
94586,450601,06001450601
94586,443103,06001443103
94586,513500,06085513500
94566,450604,06001450604
94566,450605,06001450605
94566,450606,06001450606
94566,451703,06001451703
94566,450746,06001450746
94566,450745,06001450745
94566,435103,06001435103
94566,451102,06001451102
94566,451101,06001451101
94566,450701,06001450701
94566,450602,06001450602
94566,450601,06001450601
94566,450742,06001450742
94566,450741,06001450741
94566,451300,06001451300
94566,450607,06001450607
94588,450603,06001450603
94588,450604,06001450604
94588,450606,06001450606
94588,450751,06001450751
94588,450752,06001450752
94588,450750,06001450750
94588,450102,06001450102
94588,450746,06001450746
94588,450745,06001450745
94588,450602,06001450602
94588,450601,06001450601
94588,451300,06001451300
94588,450743,06001450743
94588,450744,06001450744
94588,450101,06001450101
94550,451701,06001451701
94550,450751,06001450751
94550,450752,06001450752
94550,451504,06001451504
94550,451403,06001451403
94550,451703,06001451703
94550,003900,06077003900
94550,451505,06001451505
94550,451506,06001451506
94550,451704,06001451704
94550,451102,06001451102
94550,451101,06001451101
94550,451201,06001451201
94550,451202,06001451202
94550,450701,06001450701
94550,451503,06001451503
94550,451602,06001451602
94550,451401,06001451401
94550,451300,06001451300
94550,513500,06085513500
94550,451601,06001451601
94550,304002,06013304002
94550,355112,06013355112
94550,451501,06001451501
94550,003300,06099003300
94550,003400,06099003400
94550,005206,06077005206
94550,451404,06001451404
94550,005502,06077005502
94550,005207,06077005207
95497,154303,06097154303
95497,154304,06097154304
95497,011102,06045011102
95421,154303,06097154303
95421,154304,06097154304
95421,011102,06045011102
95421,153704,06097153704
95421,154000,06097154000
95421,153703,06097153703
95421,154202,06097154202
95412,154304,06097154304
94924,132200,06041132200
94924,132100,06041132100
94924,131100,06041131100
94937,133000,06041133000
94937,132200,06041132200
94937,132100,06041132100
94937,131100,06041131100
94956,133000,06041133000
94956,132200,06041132200
94940,133000,06041133000
94933,133000,06041133000
94933,113000,06041113000
94933,132200,06041132200
94933,131100,06041131100
94946,133000,06041133000
94946,114200,06041114200
94946,113000,06041113000
94946,103100,06041103100
94946,107000,06041107000
94946,132200,06041132200
94946,104200,06041104200
94946,131100,06041131100
94952,150607,06097150607
94952,150612,06097150612
94952,150609,06097150609
94952,153501,06097153501
94952,154302,06097154302
94952,150901,06097150901
94952,150902,06097150902
94952,133000,06041133000
94952,103100,06041103100
94952,132200,06041132200
94952,101100,06041101100
94952,102100,06041102100
94952,150701,06097150701
94952,150800,06097150800
94952,150702,06097150702
94952,151201,06097151201
94952,151000,06097151000
94952,150603,06097150603
94952,150601,06097150601
94952,151100,06097151100
94952,153502,06097153502
95450,154303,06097154303
95450,154304,06097154304
94923,154304,06097154304
94923,154302,06097154302
94923,133000,06041133000
95465,154304,06097154304
95465,154302,06097154302
95465,153502,06097153502
95465,153703,06097153703
94922,154302,06097154302
94922,133000,06041133000
94922,153502,06097153502
95462,154304,06097154304
95462,153600,06097153600
95462,153706,06097153706
95462,154302,06097154302
95462,153703,06097153703
95446,154304,06097154304
95446,153704,06097153704
95446,153706,06097153706
95446,154000,06097154000
95446,153705,06097153705
95446,153703,06097153703
95425,011800,06045011800
95425,154304,06097154304
95425,154201,06097154201
95425,011102,06045011102
95425,154000,06097154000
95425,154100,06097154100
95425,154202,06097154202
94972,154302,06097154302
94972,133000,06041133000
94972,153502,06097153502
95472,152906,06097152906
95472,153501,06097153501
95472,153600,06097153600
95472,153706,06097153706
95472,154302,06097154302
95472,153005,06097153005
95472,153401,06097153401
95472,153300,06097153300
95472,153404,06097153404
95472,151201,06097151201
95472,153403,06097153403
95472,151100,06097151100
95472,153502,06097153502
95472,153703,06097153703
95436,152906,06097152906
95436,153600,06097153600
95436,153704,06097153704
95436,153706,06097153706
95436,154000,06097154000
95436,153801,06097153801
95436,152702,06097152702
95436,153705,06097153705
95436,153703,06097153703
95444,153600,06097153600
94931,153501,06097153501
94931,151203,06097151203
94931,151301,06097151301
94931,151305,06097151305
94931,151310,06097151310
94931,151311,06097151311
94931,151204,06097151204
94931,151201,06097151201
95407,153104,06097153104
95407,153103,06097153103
95407,153102,06097153102
95407,153501,06097153501
95407,151401,06097151401
95407,153300,06097153300
95407,151309,06097151309
95407,151307,06097151307
95407,151900,06097151900
95407,151308,06097151308
95407,153200,06097153200
95407,151201,06097151201
95407,153403,06097153403
95407,153003,06097153003
95407,151402,06097151402
94928,151203,06097151203
94928,151301,06097151301
94928,151305,06097151305
94928,151306,06097151306
94928,151310,06097151310
94928,151311,06097151311
94928,151309,06097151309
94928,151307,06097151307
94928,151204,06097151204
94928,151308,06097151308
94928,151201,06097151201
95401,153104,06097153104
95401,152906,06097152906
95401,152905,06097152905
95401,152203,06097152203
95401,152903,06097152903
95401,152904,06097152904
95401,153600,06097153600
95401,153706,06097153706
95401,151401,06097151401
95401,153001,06097153001
95401,153005,06097153005
95401,153801,06097153801
95401,152702,06097152702
95401,153300,06097153300
95401,153002,06097153002
95401,152000,06097152000
95401,152100,06097152100
95401,151900,06097151900
95401,152201,06097152201
95401,153003,06097153003
95401,153006,06097153006
95401,153705,06097153705
95492,153809,06097153809
95492,152906,06097152906
95492,153806,06097153806
95492,153807,06097153807
95492,153808,06097153808
95492,153804,06097153804
95492,153901,06097153901
95492,153801,06097153801
95492,152702,06097152702
95492,152701,06097152701
95439,152906,06097152906
95439,153808,06097153808
95439,152702,06097152702
95439,152701,06097152701
95439,152801,06097152801
95403,153809,06097153809
95403,152906,06097152906
95403,153808,06097153808
95403,152905,06097152905
95403,152802,06097152802
95403,152903,06097152903
95403,152904,06097152904
95403,152400,06097152400
95403,153001,06097153001
95403,153005,06097153005
95403,152702,06097152702
95403,152701,06097152701
95403,152100,06097152100
95403,152201,06097152201
95403,152801,06097152801
95403,153006,06097153006
95448,153809,06097153809
95448,153807,06097153807
95448,154304,06097154304
95448,153704,06097153704
95448,153901,06097153901
95448,153903,06097153903
95448,154000,06097154000
95448,153801,06097153801
95448,152701,06097152701
95448,153902,06097153902
95448,154100,06097154100
95448,153705,06097153705
95448,152600,06097152600
95448,154202,06097154202
95448,001300,06033001300
95441,011800,06045011800
95441,153901,06097153901
95441,154000,06097154000
95441,154100,06097154100
95441,001300,06033001300
95441,001100,06033001100
94970,132100,06041132100
94970,131100,06041131100
94938,113000,06041113000
94938,132200,06041132200
94938,131100,06041131100
94963,133000,06041133000
94963,113000,06041113000
94963,131100,06041131100
94930,117000,06041117000
94930,114100,06041114100
94930,114200,06041114200
94930,113000,06041113000
94930,118100,06041118100
94930,116000,06041116000
94930,132200,06041132200
94930,115000,06041115000
94930,132100,06041132100
94930,131100,06041131100
94973,133000,06041133000
94973,114200,06041114200
94973,113000,06041113000
94973,115000,06041115000
94973,131100,06041131100
94941,120000,06041120000
94941,128100,06041128100
94941,121200,06041121200
94941,126200,06041126200
94941,127000,06041127000
94941,124100,06041124100
94941,125000,06041125000
94941,119100,06041119100
94941,121100,06041121100
94941,126100,06041126100
94941,128200,06041128200
94941,129000,06041129000
94941,132100,06041132100
94941,130202,06041130202
94941,131100,06041131100
94941,060100,06075060100
94960,117000,06041117000
94960,114100,06041114100
94960,114200,06041114200
94960,108100,06041108100
94960,107000,06041107000
94960,118100,06041118100
94960,116000,06041116000
94960,108200,06041108200
94960,115000,06041115000
94960,119100,06041119100
94960,111000,06041111000
94960,109002,06041109002
94960,131100,06041131100
94121,042601,06075042601
94121,042602,06075042602
94121,047801,06075047801
94121,980300,06075980300
94121,980200,06075980200
94121,047702,06075047702
94121,047802,06075047802
94121,042700,06075042700
94121,042800,06075042800
94121,047600,06075047600
94121,047701,06075047701
94121,060100,06075060100
94121,047901,06075047901
94121,047902,06075047902
94965,128100,06041128100
94965,128200,06041128200
94965,129000,06041129000
94965,130201,06041130201
94965,130202,06041130202
94965,131100,06041131100
94965,990100,06041990100
94965,060100,06075060100
94122,030101,06075030101
94122,030102,06075030102
94122,030201,06075030201
94122,030301,06075030301
94122,030302,06075030302
94122,030400,06075030400
94122,017102,06075017102
94122,032602,06075032602
94122,032802,06075032802
94122,980300,06075980300
94122,035202,06075035202
94122,030202,06075030202
94122,035100,06075035100
94122,045100,06075045100
94122,016500,06075016500
94122,016600,06075016600
94122,015600,06075015600
94122,032601,06075032601
94122,032902,06075032902
94122,032700,06075032700
94122,035201,06075035201
94122,035300,06075035300
94122,035400,06075035400
94122,045200,06075045200
94122,047600,06075047600
94129,013300,06075013300
94129,012700,06075012700
94129,012800,06075012800
94129,013200,06075013200
94129,040100,06075040100
94129,060100,06075060100
94118,042602,06075042602
94118,980300,06075980300
94118,013300,06075013300
94118,045100,06075045100
94118,016500,06075016500
94118,015400,06075015400
94118,015700,06075015700
94118,015600,06075015600
94118,040100,06075040100
94118,040200,06075040200
94118,042800,06075042800
94118,045200,06075045200
94118,047600,06075047600
94118,060100,06075060100
94117,020401,06075020401
94117,030101,06075030101
94117,030102,06075030102
94117,017102,06075017102
94117,016801,06075016801
94117,016802,06075016802
94117,017101,06075017101
94117,980300,06075980300
94117,016100,06075016100
94117,016500,06075016500
94117,015700,06075015700
94117,016300,06075016300
94117,016400,06075016400
94117,016600,06075016600
94117,016700,06075016700
94117,016900,06075016900
94117,017000,06075017000
94117,015802,06075015802
94117,020200,06075020200
94114,020500,06075020500
94114,020401,06075020401
94114,030102,06075030102
94114,030500,06075030500
94114,020402,06075020402
94114,016801,06075016801
94114,020600,06075020600
94114,016700,06075016700
94114,016900,06075016900
94114,017000,06075017000
94114,020200,06075020200
94114,020300,06075020300
94114,020700,06075020700
94114,021000,06075021000
94114,021100,06075021100
94114,021200,06075021200
94114,021300,06075021300
94114,021400,06075021400
94114,021600,06075021600
94115,013102,06075013102
94115,015801,06075015801
94115,013300,06075013300
94115,016100,06075016100
94115,015300,06075015300
94115,013500,06075013500
94115,013200,06075013200
94115,013400,06075013400
94115,015200,06075015200
94115,015400,06075015400
94115,015700,06075015700
94115,015900,06075015900
94115,015500,06075015500
94115,015802,06075015802
94115,060100,06075060100
94123,012601,06075012601
94123,012602,06075012602
94123,012902,06075012902
94123,013101,06075013101
94123,013102,06075013102
94123,013000,06075013000
94123,010200,06075010200
94123,010900,06075010900
94123,012700,06075012700
94123,012800,06075012800
94123,013200,06075013200
94123,012901,06075012901
94939,119201,06041119201
94939,120000,06041120000
94939,121200,06041121200
94939,119100,06041119100
94939,121100,06041121100
94925,120000,06041120000
94925,121200,06041121200
94925,126200,06041126200
94925,124100,06041124100
94925,121100,06041121100
94925,126100,06041126100
94904,119202,06041119202
94904,119201,06041119201
94904,120000,06041120000
94904,121200,06041121200
94904,112100,06041112100
94904,118100,06041118100
94904,119100,06041119100
94904,121100,06041121100
94904,126100,06041126100
94904,111000,06041111000
94904,112202,06041112202
94904,131100,06041131100
94901,109001,06041109001
94901,119202,06041119202
94901,117000,06041117000
94901,110100,06041110100
94901,121200,06041121200
94901,110200,06041110200
94901,112100,06041112100
94901,118100,06041118100
94901,108200,06041108200
94901,122000,06041122000
94901,106002,06041106002
94901,111000,06041111000
94901,109002,06041109002
94901,112201,06041112201
94901,112202,06041112202
94920,124200,06041124200
94920,121200,06041121200
94920,124100,06041124100
94920,123000,06041123000
94947,102202,06041102202
94947,102203,06041102203
94947,101200,06041101200
94947,133000,06041133000
94947,104101,06041104101
94947,103100,06041103100
94947,104300,06041104300
94947,104102,06041104102
94947,104200,06041104200
94947,103200,06041103200
94947,102100,06041102100
94945,150612,06097150612
94945,102202,06041102202
94945,102203,06041102203
94945,101200,06041101200
94945,133000,06041133000
94945,103100,06041103100
94945,104300,06041104300
94945,104102,06041104102
94945,101100,06041101100
94945,102100,06041102100
94945,150702,06097150702
94954,150607,06097150607
94954,150610,06097150610
94954,150612,06097150612
94954,150611,06097150611
94954,150609,06097150609
94954,150901,06097150901
94954,150602,06097150602
94954,101100,06041101100
94954,151309,06097151309
94954,151201,06097151201
94954,150303,06097150303
94954,151000,06097151000
94954,150603,06097150603
94954,150601,06097150601
94954,150100,06097150100
94903,109001,06041109001
94903,106001,06041106001
94903,110100,06041110100
94903,133000,06041133000
94903,114200,06041114200
94903,108100,06041108100
94903,110200,06041110200
94903,104300,06041104300
94903,107000,06041107000
94903,104200,06041104200
94903,108200,06041108200
94903,115000,06041115000
94903,105000,06041105000
94903,106002,06041106002
94903,109002,06041109002
94949,106001,06041106001
94949,104101,06041104101
94949,103100,06041103100
94949,104300,06041104300
94949,107000,06041107000
94949,104200,06041104200
94949,103200,06041103200
94949,101100,06041101100
94949,105000,06041105000
94949,990100,06041990100
95476,150203,06097150203
95476,150204,06097150204
95476,150306,06097150306
95476,150612,06097150612
95476,150500,06097150500
95476,201102,06055201102
95476,250801,06095250801
95476,151309,06097151309
95476,150303,06097150303
95476,150202,06097150202
95476,150100,06097150100
95476,150304,06097150304
95476,150305,06097150305
94110,025200,06075025200
94110,025300,06075025300
94110,025402,06075025402
94110,025600,06075025600
94110,060700,06075060700
94110,061400,06075061400
94110,980900,06075980900
94110,022704,06075022704
94110,025701,06075025701
94110,022901,06075022901
94110,022803,06075022803
94110,025403,06075025403
94110,025401,06075025401
94110,022801,06075022801
94110,017700,06075017700
94110,020100,06075020100
94110,025100,06075025100
94110,020200,06075020200
94110,020700,06075020700
94110,020800,06075020800
94110,020900,06075020900
94110,021000,06075021000
94110,021500,06075021500
94110,022802,06075022802
94110,022902,06075022902
94110,022903,06075022903
94110,023001,06075023001
94102,061500,06075061500
94102,012302,06075012302
94102,016801,06075016801
94102,012402,06075012402
94102,016802,06075016802
94102,012502,06075012502
94102,016100,06075016100
94102,011700,06075011700
94102,012100,06075012100
94102,016000,06075016000
94102,016200,06075016200
94102,016300,06075016300
94102,012401,06075012401
94102,012501,06075012501
94102,012301,06075012301
94102,017601,06075017601
94102,017700,06075017700
94102,020100,06075020100
94102,020200,06075020200
94103,060700,06075060700
94103,061500,06075061500
94103,017801,06075017801
94103,017802,06075017802
94103,022704,06075022704
94103,018000,06075018000
94103,017601,06075017601
94103,017700,06075017700
94103,020100,06075020100
94103,020200,06075020200
94107,060700,06075060700
94107,061500,06075061500
94107,061400,06075061400
94107,980900,06075980900
94107,017801,06075017801
94107,017802,06075017802
94107,022704,06075022704
94107,017902,06075017902
94107,022702,06075022702
94107,018000,06075018000
94107,022600,06075022600
94109,012302,06075012302
94109,011902,06075011902
94109,012201,06075012201
94109,012202,06075012202
94109,012402,06075012402
94109,013101,06075013101
94109,013102,06075013102
94109,012502,06075012502
94109,012000,06075012000
94109,016100,06075016100
94109,011000,06075011000
94109,010100,06075010100
94109,010200,06075010200
94109,010300,06075010300
94109,010800,06075010800
94109,010900,06075010900
94109,011100,06075011100
94109,011200,06075011200
94109,012100,06075012100
94109,015100,06075015100
94109,015200,06075015200
94109,015900,06075015900
94109,016000,06075016000
94109,015500,06075015500
94109,011901,06075011901
94109,012401,06075012401
94109,012301,06075012301
94108,061500,06075061500
94108,011902,06075011902
94108,061100,06075061100
94108,010800,06075010800
94108,011200,06075011200
94108,011300,06075011300
94108,011700,06075011700
94108,011800,06075011800
94108,012100,06075012100
94108,011901,06075011901
94133,061100,06075061100
94133,010100,06075010100
94133,010200,06075010200
94133,010300,06075010300
94133,010400,06075010400
94133,010500,06075010500
94133,010600,06075010600
94133,010700,06075010700
94133,010800,06075010800
94133,010900,06075010900
94133,011300,06075011300
94104,061500,06075061500
94104,011700,06075011700
94105,061500,06075061500
94105,017902,06075017902
94105,010500,06075010500
94111,061500,06075061500
94111,061100,06075061100
94111,010100,06075010100
94111,010500,06075010500
94111,011700,06075011700
94130,017902,06075017902
94607,425101,06001425101
94607,982000,06001982000
94607,405302,06001405302
94607,401700,06001401700
94607,983200,06001983200
94607,410500,06001410500
94607,981900,06001981900
94607,425102,06001425102
94607,401400,06001401400
94607,401500,06001401500
94607,401600,06001401600
94607,402400,06001402400
94607,402200,06001402200
94607,402500,06001402500
94607,402600,06001402600
94607,402700,06001402700
94607,402800,06001402800
94607,403000,06001403000
94607,403100,06001403100
94607,403300,06001403300
94607,403400,06001403400
94607,406000,06001406000
94607,401800,06001401800
94710,425101,06001425101
94710,425102,06001425102
94710,425103,06001425103
94710,422100,06001422100
94710,422200,06001422200
94710,420300,06001420300
94710,420400,06001420400
94710,420500,06001420500
94710,421900,06001421900
94710,423100,06001423100
94710,424002,06001424002
94710,422000,06001422000
94710,400800,06001400800
94710,423200,06001423200
94710,423300,06001423300
94801,381000,06013381000
94801,373000,06013373000
94801,374000,06013374000
94801,375000,06013375000
94801,376000,06013376000
94801,377000,06013377000
94801,379000,06013379000
94801,990000,06013990000
94801,378000,06013378000
94801,365002,06013365002
94801,368001,06013368001
94801,392200,06013392200
94801,368002,06013368002
94801,372000,06013372000
94804,381000,06013381000
94804,374000,06013374000
94804,377000,06013377000
94804,383000,06013383000
94804,387000,06013387000
94804,379000,06013379000
94804,382000,06013382000
94804,388000,06013388000
94804,389200,06013389200
94804,369001,06013369001
94804,378000,06013378000
94804,420300,06001420300
94804,386000,06013386000
94804,380000,06013380000
94804,371000,06013371000
94804,372000,06013372000
94706,391000,06013391000
94706,389100,06013389100
94706,390200,06013390200
94706,420100,06001420100
94706,420200,06001420200
94706,420300,06001420300
94706,420400,06001420400
94706,420500,06001420500
94706,421800,06001421800
94706,421900,06001421900
94706,420600,06001420600
94706,422000,06001422000
94706,421300,06001421300
94805,381000,06013381000
94805,374000,06013374000
94805,362000,06013362000
94805,369001,06013369001
94805,361000,06013361000
94805,369002,06013369002
94805,384000,06013384000
94805,370000,06013370000
94805,371000,06013371000
94805,372000,06013372000
94806,365003,06013365003
94806,373000,06013373000
94806,359102,06013359102
94806,362000,06013362000
94806,990000,06013990000
94806,364002,06013364002
94806,366001,06013366001
94806,366002,06013366002
94806,367200,06013367200
94806,369001,06013369001
94806,361000,06013361000
94806,369002,06013369002
94806,367100,06013367100
94806,363000,06013363000
94806,365002,06013365002
94806,368001,06013368001
94806,370000,06013370000
94806,392200,06013392200
94806,368002,06013368002
94806,372000,06013372000
94501,428700,06001428700
94501,407300,06001407300
94501,427700,06001427700
94501,427800,06001427800
94501,428100,06001428100
94501,428200,06001428200
94501,428301,06001428301
94501,428302,06001428302
94501,428400,06001428400
94501,428000,06001428000
94501,428500,06001428500
94501,428600,06001428600
94501,427100,06001427100
94501,427200,06001427200
94501,427300,06001427300
94501,409000,06001409000
94501,406000,06001406000
94501,427900,06001427900
94501,427600,06001427600
94501,406100,06001406100
94612,403502,06001403502
94612,403702,06001403702
94612,405302,06001405302
94612,403701,06001403701
94612,401400,06001401400
94612,401600,06001401600
94612,402600,06001402600
94612,402700,06001402700
94612,402800,06001402800
94612,403000,06001403000
94612,403100,06001403100
94612,403400,06001403400
94612,401300,06001401300
94612,402900,06001402900
94612,403501,06001403501
94606,405700,06001405700
94606,405800,06001405800
94606,405200,06001405200
94606,405500,06001405500
94606,405401,06001405401
94606,405301,06001405301
94606,405302,06001405302
94606,405600,06001405600
94606,406400,06001406400
94606,405902,06001405902
94606,406201,06001406201
94606,406300,06001406300
94606,403300,06001403300
94606,403400,06001403400
94606,406000,06001406000
94606,406100,06001406100
94606,405402,06001405402
94606,405901,06001405901
94610,403502,06001403502
94610,403702,06001403702
94610,405700,06001405700
94610,405200,06001405200
94610,405100,06001405100
94610,404900,06001404900
94610,405600,06001405600
94610,403701,06001403701
94610,426200,06001426200
94610,403800,06001403800
94610,403900,06001403900
94610,404000,06001404000
94610,403400,06001403400
94610,403600,06001403600
94610,426100,06001426100
94610,405000,06001405000
94610,403501,06001403501
94608,425101,06001425101
94608,401700,06001401700
94608,425104,06001425104
94608,425102,06001425102
94608,425103,06001425103
94608,423901,06001423901
94608,424001,06001424001
94608,424002,06001424002
94608,401400,06001401400
94608,401500,06001401500
94608,400900,06001400900
94608,400700,06001400700
94608,400800,06001400800
94608,401000,06001401000
94609,404101,06001404101
94609,404102,06001404102
94609,423901,06001423901
94609,401400,06001401400
94609,400500,06001400500
94609,404000,06001404000
94609,400600,06001400600
94609,400700,06001400700
94609,400200,06001400200
94609,423902,06001423902
94609,404200,06001404200
94609,400300,06001400300
94609,400400,06001400400
94609,401000,06001401000
94609,401100,06001401100
94609,401200,06001401200
94609,401300,06001401300
94609,403501,06001403501
95452,151602,06097151602
95452,201500,06055201500
95452,150500,06097150500
95452,151601,06097151601
94515,202000,06055202000
94515,201900,06055201900
94515,201500,06055201500
94515,201700,06055201700
94515,152600,06097152600
94508,201800,06055201800
94508,201900,06055201900
94508,201700,06055201700
94567,201800,06055201800
94567,201900,06055201900
94567,201700,06055201700
94599,201300,06055201300
94599,201500,06055201500
94599,201200,06055201200
94599,201401,06055201401
94558,200900,06055200900
94558,201300,06055201300
94558,201800,06055201800
94558,200201,06055200201
94558,200501,06055200501
94558,200503,06055200503
94558,201500,06055201500
94558,200703,06055200703
94558,200400,06055200400
94558,201700,06055201700
94558,200802,06055200802
94558,201200,06055201200
94558,200705,06055200705
94558,200804,06055200804
94558,200803,06055200803
94558,200704,06055200704
94558,200602,06055200602
94558,200601,06055200601
94558,200706,06055200706
94558,200504,06055200504
94558,150500,06097150500
94558,252201,06095252201
94558,201102,06055201102
94558,011300,06113011300
94558,011500,06113011500
94558,252903,06095252903
94558,201402,06055201402
94558,201403,06055201403
94558,201101,06055201101
94558,201005,06055201005
94558,201401,06055201401
94558,200505,06055200505
94558,200707,06055200707
94558,200302,06055200302
94558,201003,06055201003
94558,150202,06097150202
94558,001200,06033001200
94574,201800,06055201800
94574,201900,06055201900
94574,201500,06055201500
94574,201700,06055201700
94574,150500,06097150500
94574,201403,06055201403
94574,201601,06055201601
94574,201602,06055201602
94574,152600,06097152600
94574,151601,06097151601
94605,430102,06001430102
94605,408200,06001408200
94605,408400,06001408400
94605,408500,06001408500
94605,408600,06001408600
94605,408700,06001408700
94605,409700,06001409700
94605,410100,06001410100
94605,407700,06001407700
94605,407800,06001407800
94605,432100,06001432100
94605,430400,06001430400
94605,410000,06001410000
94605,432800,06001432800
94605,409800,06001409800
94605,408100,06001408100
94605,409900,06001409900
94605,407500,06001407500
94605,408300,06001408300
94556,345204,06013345204
94556,345203,06013345203
94556,351101,06013351101
94556,350000,06013350000
94556,352201,06013352201
94556,352102,06013352102
94556,352202,06013352202
94556,351200,06013351200
94556,352101,06013352101
94595,345204,06013345204
94595,351102,06013351102
94595,351103,06013351103
94595,351101,06013351101
94595,339001,06013339001
94595,340002,06013340002
94595,346101,06013346101
94595,343003,06013343003
94595,341000,06013341000
94595,351200,06013351200
94595,352101,06013352101
94595,334200,06013334200
94549,351102,06013351102
94549,351101,06013351101
94549,340002,06013340002
94549,347000,06013347000
94549,350000,06013350000
94549,353002,06013353002
94549,356002,06013356002
94549,354002,06013354002
94549,321103,06013321103
94549,326000,06013326000
94549,349000,06013349000
94549,325000,06013325000
94549,341000,06013341000
94549,351200,06013351200
94549,348000,06013348000
94549,352101,06013352101
94596,338203,06013338203
94596,338204,06013338204
94596,324001,06013324001
94596,339001,06013339001
94596,340002,06013340002
94596,338201,06013338201
94596,340001,06013340001
94596,338302,06013338302
94596,346101,06013346101
94596,343003,06013343003
94596,346102,06013346102
94596,325000,06013325000
94596,343001,06013343001
94596,341000,06013341000
94596,343002,06013343002
94596,334200,06013334200
94596,338102,06013338102
94596,339002,06013339002
94523,324002,06013324002
94523,336201,06013336201
94523,336202,06013336202
94523,324001,06013324001
94523,327000,06013327000
94523,340002,06013340002
94523,347000,06013347000
94523,322000,06013322000
94523,321103,06013321103
94523,323000,06013323000
94523,326000,06013326000
94523,340001,06013340001
94523,321200,06013321200
94523,325000,06013325000
94523,321102,06013321102
94523,338101,06013338101
94523,338102,06013338102
94583,345203,06013345203
94583,345112,06013345112
94583,345113,06013345113
94583,450502,06001450502
94583,430101,06001430101
94583,355117,06013355117
94583,450102,06001450102
94583,345115,06013345115
94583,355115,06013355115
94583,345111,06013345111
94583,345114,06013345114
94583,345116,06013345116
94583,345108,06013345108
94583,345101,06013345101
94583,345102,06013345102
94583,345202,06013345202
94583,352102,06013352102
94583,345105,06013345105
94583,345103,06013345103
94583,450400,06001450400
94583,355114,06013355114
94583,450200,06001450200
94583,450300,06001450300
94507,345204,06013345204
94507,345203,06013345203
94507,351101,06013351101
94507,346201,06013346201
94507,346101,06013346101
94507,346102,06013346102
94507,334200,06013334200
94526,355116,06013355116
94526,345204,06013345204
94526,345203,06013345203
94526,345112,06013345112
94526,345113,06013345113
94526,450752,06001450752
94526,355117,06013355117
94526,450102,06001450102
94526,355115,06013355115
94526,345114,06013345114
94526,345108,06013345108
94526,346201,06013346201
94526,345202,06013345202
94526,345105,06013345105
94526,346102,06013346102
94526,355114,06013355114
94526,346204,06013346204
94526,346203,06013346203
94526,355113,06013355113
94526,355306,06013355306
94526,355112,06013355112
94528,346201,06013346201
94598,338203,06013338203
94598,338204,06013338204
94598,338201,06013338201
94598,338301,06013338301
94598,338302,06013338302
94598,346101,06013346101
94598,337300,06013337300
94598,343003,06013343003
94598,355301,06013355301
94598,355302,06013355302
94598,343002,06013343002
94598,355306,06013355306
94518,338203,06013338203
94518,331000,06013331000
94518,324001,06013324001
94518,337200,06013337200
94518,334001,06013334001
94518,335000,06013335000
94518,336101,06013336101
94518,338201,06013338201
94518,337300,06013337300
94518,355301,06013355301
94518,337100,06013337100
94518,334006,06013334006
94518,338101,06013338101
94518,338102,06013338102
94519,331000,06013331000
94519,333200,06013333200
94519,334001,06013334001
94519,335000,06013335000
94519,329000,06013329000
94519,355200,06013355200
94519,333101,06013333101
94519,330000,06013330000
94519,332000,06013332000
94521,314104,06013314104
94521,331000,06013331000
94521,313203,06013313203
94521,355107,06013355107
94521,315000,06013315000
94521,333200,06013333200
94521,334001,06013334001
94521,355200,06013355200
94521,334004,06013334004
94521,313103,06013313103
94521,355301,06013355301
94521,337100,06013337100
94521,355302,06013355302
94521,355304,06013355304
94521,333101,06013333101
94521,333102,06013333102
94521,334006,06013334006
94521,355306,06013355306
94521,313204,06013313204
94521,332000,06013332000
94510,250502,06095250502
94510,252702,06095252702
94510,252104,06095252104
94510,252102,06095252102
94510,252202,06095252202
94510,252305,06095252305
94510,252000,06095252000
94510,252105,06095252105
94510,252106,06095252106
94510,252107,06095252107
94510,252108,06095252108
94510,250605,06095250605
94520,324002,06013324002
94520,320004,06013320004
94520,336201,06013336201
94520,314104,06013314104
94520,331000,06013331000
94520,336202,06013336202
94520,315000,06013315000
94520,327000,06013327000
94520,337200,06013337200
94520,335000,06013335000
94520,336101,06013336101
94520,336102,06013336102
94520,329000,06013329000
94520,355200,06013355200
94520,252702,06095252702
94520,252102,06095252102
94520,314200,06013314200
94520,320001,06013320001
94520,338101,06013338101
94520,328000,06013328000
94520,330000,06013330000
94565,314104,06013314104
94565,313203,06013313203
94565,355107,06013355107
94565,310000,06013310000
94565,315000,06013315000
94565,313101,06013313101
94565,311000,06013311000
94565,312000,06013312000
94565,313102,06013313102
94565,314102,06013314102
94565,314103,06013314103
94565,309000,06013309000
94565,355200,06013355200
94565,252702,06095252702
94565,313103,06013313103
94565,314200,06013314200
94565,307205,06013307205
94565,307201,06013307201
94565,305000,06013305000
94565,313205,06013313205
94565,009800,06067009800
94565,313204,06013313204
94565,313206,06013313206
94585,980000,06095980000
94585,252703,06095252703
94585,252704,06095252704
94585,252705,06095252705
94585,252706,06095252706
94585,252707,06095252707
94585,250106,06095250106
94585,252702,06095252702
94585,252102,06095252102
94585,252202,06095252202
94585,252201,06095252201
94585,253500,06095253500
94585,252305,06095252305
94585,201403,06055201403
94585,201003,06055201003
94585,252402,06095252402
94585,252310,06095252310
94535,980000,06095980000
94535,252801,06095252801
94535,252702,06095252702
94535,253500,06095253500
94535,252317,06095252317
94535,252802,06095252802
94517,450752,06001450752
94517,355107,06013355107
94517,355108,06013355108
94517,346201,06013346201
94517,338302,06013338302
94517,346101,06013346101
94517,346102,06013346102
94517,313103,06013313103
94517,355301,06013355301
94517,355304,06013355304
94517,451101,06001451101
94517,451202,06001451202
94517,355306,06013355306
94517,355112,06013355112
94517,304001,06013304001
94517,313204,06013313204
94509,307102,06013307102
94509,302010,06013302010
94509,355107,06013355107
94509,303201,06013303201
94509,355108,06013355108
94509,312000,06013312000
94509,309000,06013309000
94509,306002,06013306002
94509,307204,06013307204
94509,307205,06013307205
94509,307101,06013307101
94509,307201,06013307201
94509,308001,06013308001
94509,307202,06013307202
94509,308002,06013308002
94509,305000,06013305000
94509,355110,06013355110
94509,306004,06013306004
94509,306003,06013306003
94509,355109,06013355109
94509,304001,06013304001
94509,355111,06013355111
94509,302009,06013302009
94509,009800,06067009800
94509,302006,06013302006
94509,302005,06013302005
94514,003900,06077003900
94514,451101,06001451101
94514,304005,06013304005
94514,304002,06013304002
94514,304003,06013304003
94514,304004,06013304004
94514,355112,06013355112
94513,003900,06077003900
94513,303102,06013303102
94513,355107,06013355107
94513,303201,06013303201
94513,301000,06013301000
94513,304005,06013304005
94513,304002,06013304002
94513,303103,06013303103
94513,303205,06013303205
94513,304003,06013304003
94513,303204,06013303204
94513,355110,06013355110
94513,304004,06013304004
94513,303202,06013303202
94513,355112,06013355112
94513,304001,06013304001
94513,302008,06013302008
94513,302009,06013302009
94513,303203,06013303203
94548,301000,06013301000
94548,302008,06013302008
94512,253500,06095253500
94561,302010,06013302010
94561,004001,06077004001
94561,003900,06077003900
94561,303102,06013303102
94561,301000,06013301000
94561,308002,06013308002
94561,304005,06013304005
94561,303103,06013303103
94561,302008,06013302008
94561,302007,06013302007
94561,302009,06013302009
94561,009800,06067009800
94561,302006,06013302006
94561,302005,06013302005
94561,303203,06013303203
94571,980000,06095980000
94571,009900,06067009900
94571,253300,06095253300
94571,306002,06013306002
94571,301000,06013301000
94571,010401,06113010401
94571,253500,06095253500
94571,009800,06067009800
94571,302006,06013302006
94533,980000,06095980000
94533,252605,06095252605
94533,252606,06095252606
94533,252607,06095252607
94533,252608,06095252608
94533,252703,06095252703
94533,252706,06095252706
94533,252707,06095252707
94533,252610,06095252610
94533,253000,06095253000
94533,252801,06095252801
94533,253108,06095253108
94533,252702,06095252702
94533,252604,06095252604
94533,252915,06095252915
94533,252314,06095252314
94533,252903,06095252903
94533,253500,06095253500
94533,252305,06095252305
94533,252502,06095252502
94533,201403,06055201403
94533,252317,06095252317
94533,252316,06095252316
94533,252306,06095252306
94533,252401,06095252401
94533,252402,06095252402
94533,252501,06095252501
94533,252311,06095252311
94533,252310,06095252310
94533,252313,06095252313
94533,252312,06095252312
94533,252611,06095252611
94533,252802,06095252802
94533,252913,06095252913
94533,252315,06095252315
95687,253101,06095253101
95687,253105,06095253105
95687,253106,06095253106
95687,253107,06095253107
95687,252908,06095252908
95687,252909,06095252909
95687,253000,06095253000
95687,253108,06095253108
95687,253300,06095253300
95687,252910,06095252910
95687,252915,06095252915
95687,252904,06095252904
95687,253500,06095253500
95687,252317,06095252317
95687,252313,06095252313
95687,252911,06095252911
95687,252912,06095252912
95687,252913,06095252913
95687,252914,06095252914
95688,253101,06095253101
95688,253105,06095253105
95688,253107,06095253107
95688,253201,06095253201
95688,253108,06095253108
95688,253300,06095253300
95688,011300,06113011300
95688,253203,06095253203
95688,252903,06095252903
95688,252904,06095252904
95688,201403,06055201403
95688,253206,06095253206
95688,253205,06095253205
95688,253204,06095253204
95688,252313,06095252313
95688,252911,06095252911
95620,253300,06095253300
95620,010401,06113010401
95620,010501,06113010501
95620,010505,06113010505
95620,011300,06113011300
95620,253402,06095253402
95620,252903,06095252903
95620,252904,06095252904
95620,253500,06095253500
95620,010602,06113010602
95620,010607,06113010607
95620,010608,06113010608
95620,253403,06095253403
95620,253404,06095253404
95020,512401,06085512401
95020,512603,06085512603
95020,123300,06087123300
95020,122400,06087122400
95020,513500,06085513500
95020,512505,06085512505
95020,512506,06085512506
95020,512508,06085512508
95020,000100,06069000100
95020,000200,06069000200
95020,512200,06085512200
95020,512602,06085512602
95020,512402,06085512402
95020,512604,06085512604
95020,512503,06085512503
95020,512510,06085512510
95020,512509,06085512509
95046,512401,06085512401
95046,512307,06085512307
95046,513500,06085513500
95046,512305,06085512305
95046,512402,06085512402
95046,512310,06085512310
95037,512401,06085512401
95037,511911,06085511911
95037,512311,06085512311
95037,512307,06085512307
95037,512312,06085512312
95037,121000,06087121000
95037,122400,06087122400
95037,513500,06085513500
95037,511800,06085511800
95037,512305,06085512305
95037,512200,06085512200
95037,512602,06085512602
95037,512402,06085512402
95037,512308,06085512308
95037,512313,06085512313
95037,512314,06085512314
95037,512309,06085512309
95037,512100,06085512100
95037,003400,06099003400
95037,512310,06085512310
95140,451101,06001451101
95140,450701,06001450701
95140,513500,06085513500
95140,003400,06099003400
94702,422200,06001422200
94702,422300,06001422300
94702,421800,06001421800
94702,421900,06001421900
94702,424001,06001424001
94702,423000,06001423000
94702,423100,06001423100
94702,424002,06001424002
94702,422000,06001422000
94702,400800,06001400800
94702,423300,06001423300
94702,423400,06001423400
94703,422300,06001422300
94703,422400,06001422400
94703,421700,06001421700
94703,421800,06001421800
94703,423901,06001423901
94703,424001,06001424001
94703,422900,06001422900
94703,423000,06001423000
94703,400500,06001400500
94703,400700,06001400700
94703,423400,06001423400
94703,423500,06001423500
94709,422400,06001422400
94709,421400,06001421400
94709,421700,06001421700
94709,422500,06001422500
94709,422600,06001422600
94709,421500,06001421500
94709,421600,06001421600
94618,404101,06001404101
94618,423800,06001423800
94618,426200,06001426200
94618,404501,06001404501
94618,426100,06001426100
94618,400100,06001400100
94618,400200,06001400200
94618,423902,06001423902
94618,404200,06001404200
94618,400300,06001400300
94618,400400,06001400400
94618,404400,06001404400
94618,404300,06001404300
94704,422400,06001422400
94704,423700,06001423700
94704,422500,06001422500
94704,422600,06001422600
94704,422700,06001422700
94704,422900,06001422900
94704,354001,06013354001
94704,400100,06001400100
94704,422800,06001422800
94704,423601,06001423601
94704,423500,06001423500
94704,423602,06001423602
94705,353001,06013353001
94705,423700,06001423700
94705,423800,06001423800
94705,423901,06001423901
94705,354001,06013354001
94705,400500,06001400500
94705,400100,06001400100
94705,400200,06001400200
94705,423902,06001423902
94705,400400,06001400400
94705,423601,06001423601
94705,404400,06001404400
94705,423500,06001423500
94705,404300,06001404300
94601,405800,06001405800
94601,406602,06001406602
94601,407101,06001407101
94601,407102,06001407102
94601,406400,06001406400
94601,407000,06001407000
94601,407200,06001407200
94601,407300,06001407300
94601,407400,06001407400
94601,407600,06001407600
94601,407700,06001407700
94601,406201,06001406201
94601,406202,06001406202
94601,406300,06001406300
94601,409000,06001409000
94601,407500,06001407500
94601,406100,06001406100
94601,406601,06001406601
94601,406500,06001406500
94602,430102,06001430102
94602,405700,06001405700
94602,404700,06001404700
94602,404800,06001404800
94602,405100,06001405100
94602,404900,06001404900
94602,406602,06001406602
94602,406400,06001406400
94602,406900,06001406900
94602,352202,06013352202
94602,407000,06001407000
94602,426100,06001426100
94602,406800,06001406800
94602,405000,06001405000
94602,404600,06001404600
94602,406700,06001406700
94602,406601,06001406601
94602,408000,06001408000
94602,406500,06001406500
94613,408200,06001408200
94613,408700,06001408700
94613,407800,06001407800
94613,407900,06001407900
94613,408100,06001408100
94613,408300,06001408300
94619,430102,06001430102
94619,406900,06001406900
94619,407000,06001407000
94619,407600,06001407600
94619,407700,06001407700
94619,407800,06001407800
94619,407900,06001407900
94619,408100,06001408100
94619,406800,06001406800
94619,408000,06001408000
94611,403502,06001403502
94611,430102,06001430102
94611,404700,06001404700
94611,404900,06001404900
94611,404101,06001404101
94611,404102,06001404102
94611,353001,06013353001
94611,352202,06013352202
94611,426200,06001426200
94611,404501,06001404501
94611,404000,06001404000
94611,426100,06001426100
94611,400100,06001400100
94611,404502,06001404502
94611,404200,06001404200
94611,404400,06001404400
94611,404600,06001404600
94611,404300,06001404300
94611,403501,06001403501
94563,430102,06001430102
94563,350000,06013350000
94563,352201,06013352201
94563,353002,06013353002
94563,356002,06013356002
94563,354002,06013354002
94563,353001,06013353001
94563,352102,06013352102
94563,352202,06013352202
94563,354001,06013354001
94563,348000,06013348000
94563,400100,06001400100
94563,404600,06001404600
94707,421100,06001421100
94707,421400,06001421400
94707,421700,06001421700
94707,421800,06001421800
94707,420600,06001420600
94707,421200,06001421200
94707,421300,06001421300
94707,421500,06001421500
94708,356002,06013356002
94708,421100,06001421100
94708,422500,06001422500
94708,422600,06001422600
94708,354001,06013354001
94708,392000,06013392000
94708,400100,06001400100
94708,421200,06001421200
94708,421500,06001421500
94708,421600,06001421600
94530,381000,06013381000
94530,383000,06013383000
94530,385200,06013385200
94530,387000,06013387000
94530,391000,06013391000
94530,388000,06013388000
94530,389100,06013389100
94530,389200,06013389200
94530,390100,06013390100
94530,390200,06013390200
94530,356002,06013356002
94530,361000,06013361000
94530,420100,06001420100
94530,420200,06001420200
94530,420300,06001420300
94530,421100,06001421100
94530,386000,06013386000
94530,354001,06013354001
94530,385100,06013385100
94530,392000,06013392000
94530,384000,06013384000
94530,421200,06001421200
94530,421300,06001421300
94530,421500,06001421500
94530,370000,06013370000
94803,360200,06013360200
94803,364002,06013364002
94803,356002,06013356002
94803,361000,06013361000
94803,369002,06013369002
94803,363000,06013363000
94803,359202,06013359202
94803,360101,06013360101
94803,360102,06013360102
94564,359105,06013359105
94564,359102,06013359102
94564,359204,06013359204
94564,364002,06013364002
94564,363000,06013363000
94564,359202,06013359202
94564,359104,06013359104
94564,360101,06013360101
94564,392200,06013392200
94564,360102,06013360102
94564,359103,06013359103
94547,359105,06013359105
94547,356001,06013356001
94547,358000,06013358000
94547,359204,06013359204
94547,356002,06013356002
94547,359203,06013359203
94547,359202,06013359202
94547,359104,06013359104
94547,392300,06013392300
94547,359103,06013359103
94553,320004,06013320004
94553,315000,06013315000
94553,327000,06013327000
94553,347000,06013347000
94553,356001,06013356001
94553,316000,06013316000
94553,322000,06013322000
94553,356002,06013356002
94553,354002,06013354002
94553,321103,06013321103
94553,319000,06013319000
94553,361000,06013361000
94553,321200,06013321200
94553,321102,06013321102
94553,252102,06095252102
94553,354001,06013354001
94553,318000,06013318000
94553,357000,06013357000
94553,321101,06013321101
94553,320001,06013320001
94553,359202,06013359202
94553,320003,06013320003
94553,360102,06013360102
94553,252000,06095252000
94553,317000,06013317000
94592,201102,06055201102
94592,250801,06095250801
94559,200900,06055200900
94559,200201,06055200201
94559,200202,06055200202
94559,200203,06055200203
94559,200501,06055200501
94559,200503,06055200503
94559,200400,06055200400
94559,200802,06055200802
94559,201102,06055201102
94559,201402,06055201402
94559,201005,06055201005
94559,200301,06055200301
94559,200505,06055200505
94559,200302,06055200302
94559,201003,06055201003
94559,150100,06097150100
94572,356001,06013356001
94572,358000,06013358000
94572,357000,06013357000
94590,250701,06095250701
94590,251000,06095251000
94590,251300,06095251300
94590,251400,06095251400
94590,251500,06095251500
94590,251600,06095251600
94590,251701,06095251701
94590,251702,06095251702
94590,251803,06095251803
94590,250400,06095250400
94590,250601,06095250601
94590,251100,06095251100
94590,250900,06095250900
94590,250801,06095250801
94590,251802,06095251802
94590,251200,06095251200
94590,250300,06095250300
94590,250105,06095250105
94590,250604,06095250604
94590,250103,06095250103
94525,356001,06013356001
94525,358000,06013358000
94525,357000,06013357000
94569,318000,06013318000
94569,357000,06013357000
94591,250106,06095250106
94591,250104,06095250104
94591,250400,06095250400
94591,250501,06095250501
94591,250502,06095250502
94591,250601,06095250601
94591,251100,06095251100
94591,252104,06095252104
94591,252102,06095252102
94591,252202,06095252202
94591,250200,06095250200
94591,201003,06055201003
94591,250300,06095250300
94591,252000,06095252000
94591,252103,06095252103
94591,252105,06095252105
94591,250105,06095250105
94591,250605,06095250605
94591,250604,06095250604
94591,250103,06095250103
94589,250106,06095250106
94589,251400,06095251400
94589,251701,06095251701
94589,251702,06095251702
94589,251803,06095251803
94589,251804,06095251804
94589,201006,06055201006
94589,252202,06095252202
94589,252201,06095252201
94589,251902,06095251902
94589,201102,06055201102
94589,250801,06095250801
94589,251802,06095251802
94589,201005,06055201005
94589,201004,06055201004
94589,201007,06055201007
94589,201003,06055201003
94589,251901,06095251901
94589,251903,06095251903
94589,250105,06095250105
94951,150607,06097150607
94951,150612,06097150612
94951,150500,06097150500
94951,151310,06097151310
94951,151311,06097151311
94951,151309,06097151309
94951,151201,06097151201
94951,150303,06097150303
95405,151602,06097151602
95405,152203,06097152203
95405,152400,06097152400
95405,151504,06097151504
95405,151800,06097151800
95405,151502,06097151502
95405,152300,06097152300
95405,152501,06097152501
95405,151700,06097151700
95405,151503,06097151503
95404,151602,06097151602
95404,201900,06055201900
95404,201500,06055201500
95404,153807,06097153807
95404,152203,06097152203
95404,150500,06097150500
95404,151401,06097151401
95404,152400,06097152400
95404,151800,06097151800
95404,152701,06097152701
95404,151502,06097151502
95404,152300,06097152300
95404,151309,06097151309
95404,152000,06097152000
95404,151900,06097151900
95404,152201,06097152201
95404,150303,06097150303
95404,154100,06097154100
95404,151402,06097151402
95404,152202,06097152202
95404,151700,06097151700
95404,152600,06097152600
95404,151503,06097151503
95404,151601,06097151601
95404,001300,06033001300
95409,151602,06097151602
95409,201500,06055201500
95409,150500,06097150500
95409,152400,06097152400
95409,152300,06097152300
95409,152501,06097152501
95409,152502,06097152502
95409,152202,06097152202
95409,151700,06097151700
95409,152600,06097152600
95409,151503,06097151503
95409,151601,06097151601
95442,151602,06097151602
95442,201500,06055201500
95442,150306,06097150306
95442,150500,06097150500
95442,201102,06055201102
95442,150303,06097150303
95442,150305,06097150305